timestamp,memory_available_kb,memory_free_kb,memory_used_kb,swap_used_kb,swap_total_kb,page_faults_per_sec,swap_in_per_sec,swap_out_per_sec,cpu_usage_percent,disk_read_bytes_per_sec,disk_write_bytes_per_sec,psi_some_avg10,psi_some_avg60,psi_full_avg10,psi_full_avg60,experiment,pressure_next_5s
2026-09-15 09:21:08.212,3508656,3456628,501956,0,2097152,2.95,0.0,0.0,0.0,0.0,0.0,0.0,0.0,0.0,0.0,test_1,0
2026-09-15 09:21:09.216,3508656,3456628,501956,0,2097152,1.0,0.0,0.0,0.0,0.0,0.0,0.0,0.0,0.0,0.0,test_1,0
2026-09-15 09:21:10.237,3508656,3456628,501956,0,2097152,0.98,0.0,0.0,0.25,0.0,0.0,0.0,0.0,0.0,0.0,test_1,0
2026-09-15 09:21:11.240,3508656,3456628,501956,0,2097152,0.0,0.0,0.0,0.25,0.0,0.0,0.0,0.0,0.0,0.0,test_1,0
2026-09-15 09:21:12.260,3508656,3456628,501956,0,2097152,0.0,0.0,0.0,0.0,0.0,0.0,0.0,0.0,0.0,0.0,test_1,0
2026-09-15 09:21:12.746,3508656,3456628,501956,0,2097152,0.0,0.0,0.0,0.25,0.0,0.0,0.0,0.0,0.0,0.0,test_1,0
2026-09-15 09:21:13.294,3508656,3456628,501956,0,2097152,0.0,0.0,0.0,0.0,0.0,39592.23,0.0,0.0,0.0,0.0,test_1,0
2026-09-15 09:21:13.803,3508656,3456628,501956,0,2097152,0.0,0.0,0.0,0.24,0.0,0.0,0.0,0.0,0.0,0.0,test_1,0
2026-09-15 09:21:14.361,3508656,3456628,501956,0,2097152,0.0,0.0,0.0,0.0,0.0,0.0,0.0,0.0,0.0,0.0,test_1,0
2026-09-15 09:21:14.825,3505148,3453120,505464,0,2097152,3458.78,0.0,0.0,1.96,0.0,4006.55,0.0,0.0,0.0,0.0,test_1,0
2026-09-15 09:21:15.890,3504940,3452912,505672,0,2097152,0.0,0.0,0.0,0.0,0.0,0.0,0.0,0.0,0.0,0.0,test_1,0
2026-09-15 09:21:16.918,3504940,3452912,505672,0,2097152,0.0,0.0,0.0,0.0,0.0,0.0,0.0,0.0,0.0,0.0,test_1,0
2026-09-15 09:21:17.979,3504940,3452912,505672,0,2097152,0.0,0.0,0.0,0.0,0.0,0.0,0.0,0.0,0.0,0.0,test_1,0
2026-09-15 09:21:18.990,3504940,3452912,505672,0,2097152,7.91,0.0,0.0,0.49,0.0,44561.05,0.0,0.0,0.0,0.0,test_1,0
2026-09-15 09:21:20.018,3504940,3452912,505672,0,2097152,0.0,0.0,0.0,0.0,0.0,0.0,0.0,0.0,0.0,0.0,test_1,0
2026-09-15 09:21:21.033,3504940,3452912,505672,0,2097152,0.0,0.0,0.0,0.25,0.0,0.0,0.0,0.0,0.0,0.0,test_1,0
2026-09-15 09:21:22.037,3504940,3452912,505672,0,2097152,1.0,0.0,0.0,0.25,0.0,0.0,0.0,0.0,0.0,0.0,test_1,0
2026-09-15 09:21:23.077,3504940,3452912,505672,0,2097152,0.0,0.0,0.0,0.0,0.0,0.0,0.0,0.0,0.0,0.0,test_1,0
2026-09-15 09:21:24.155,3504940,3452912,505672,0,2097152,0.0,0.0,0.0,0.0,0.0,0.0,0.0,0.0,0.0,0.0,test_1,0
2026-09-15 09:21:25.184,3504940,3452912,505672,0,2097152,0.0,0.0,0.0,0.0,0.0,0.0,0.0,0.0,0.0,0.0,test_1,0
2026-09-15 09:21:26.188,3504940,3452912,505672,0,2097152,0.0,0.0,0.0,0.0,0.0,0.0,0.0,0.0,0.0,0.0,test_1,0
2026-09-15 09:21:27.191,3504940,3452912,505672,0,2097152,1.99,0.0,0.0,0.0,0.0,0.0,0.0,0.0,0.0,0.0,test_1,0
2026-09-15 09:21:28.211,3504940,3452912,505672,0,2097152,0.0,0.0,0.0,0.0,0.0,0.0,0.0,0.0,0.0,0.0,test_1,0
2026-09-15 09:21:29.239,3504940,3452912,505672,0,2097152,0.0,0.0,0.0,0.0,0.0,0.0,0.0,0.0,0.0,0.0,test_1,0
2026-09-15 09:21:30.268,3504940,3452912,505672,0,2097152,0.0,0.0,0.0,0.0,0.0,0.0,0.0,0.0,0.0,0.0,test_1,0
2026-09-15 09:21:31.271,3504940,3452912,505672,0,2097152,0.0,0.0,0.0,0.0,0.0,0.0,0.0,0.0,0.0,0.0,test_1,0
2026-09-15 09:21:32.291,3504940,3452912,505672,0,2097152,0.0,0.0,0.0,0.25,0.0,0.0,0.0,0.0,0.0,0.0,test_1,0
2026-09-15 09:21:33.312,3456816,3404780,553796,0,2097152,13658.07,0.0,0.0,2.94,0.0,0.0,0.0,0.0,0.0,0.0,test_1,0
2026-09-15 09:21:34.320,3456816,3404780,553796,0,2097152,0.0,0.0,0.0,0.0,0.0,0.0,0.0,0.0,0.0,0.0,test_1,0
2026-09-15 09:21:35.336,3408432,3356396,602180,0,2097152,12598.92,0.0,0.0,2.22,0.0,0.0,0.0,0.0,0.0,0.0,test_1,0
2026-09-15 09:21:36.351,3408432,3356396,602180,0,2097152,0.0,0.0,0.0,0.0,0.0,0.0,0.0,0.0,0.0,0.0,test_1,0
2026-09-15 09:21:37.363,3351984,3299948,658628,0,2097152,12651.72,0.0,0.0,2.22,0.0,0.0,0.0,0.0,0.0,0.0,test_1,0
2026-09-15 09:21:38.371,3351984,3299948,658628,0,2097152,0.0,0.0,0.0,0.0,0.0,0.0,0.0,0.0,0.0,0.0,test_1,0
2026-09-15 09:21:39.379,3303736,3251700,706876,0,2097152,12683.05,0.0,0.0,2.23,0.0,0.0,0.0,0.0,0.0,0.0,test_1,0
2026-09-15 09:21:40.408,3303600,3251564,707012,0,2097152,6.8,0.0,0.0,0.24,0.0,0.0,0.0,0.0,0.0,0.0,test_1,0
2026-09-15 09:21:41.425,3279476,3227440,731136,0,2097152,5937.93,0.0,0.0,0.98,0.0,0.0,0.0,0.0,0.0,0.0,test_1,0
2026-09-15 09:21:42.429,3255216,3203180,755396,0,2097152,6736.9,0.0,0.0,1.25,0.0,0.0,0.0,0.0,0.0,0.0,test_1,0
2026-09-15 09:21:43.039,3198272,3146348,812340,0,2097152,0.0,0.0,0.0,0.0,0.0,0.0,0.0,0.0,0.0,0.0,test_1,0
2026-09-15 09:21:43.432,3254720,3202796,755892,0,2097152,0.0,0.0,0.0,0.0,0.0,40841.45,0.0,0.0,0.0,0.0,test_1,0
2026-09-15 09:21:44.061,3149888,3097964,860724,0,2097152,12525.19,0.0,0.0,2.7,0.0,0.0,0.0,0.0,0.0,0.0,test_1,0
2026-09-15 09:21:44.439,3198272,3146348,812340,0,2097152,12711.67,0.0,0.0,2.24,0.0,0.0,0.0,0.0,0.0,0.0,test_1,0
2026-09-15 09:21:45.073,3149888,3097964,860724,0,2097152,0.0,0.0,0.0,0.25,0.0,0.0,0.0,0.0,0.0,0.0,test_1,0
2026-09-15 09:21:46.135,3093440,3041516,917172,0,2097152,12057.29,0.0,0.0,2.36,0.0,0.0,0.0,0.0,0.0,0.0,test_1,0
2026-09-15 09:21:47.138,3093552,3041516,917060,0,2097152,0.0,0.0,0.0,0.0,0.0,24497.85,0.0,0.0,0.0,0.0,test_1,0
2026-09-15 09:21:48.162,3045168,2993132,965444,0,2097152,12507.11,0.0,0.0,2.68,0.0,20009.81,0.0,0.0,0.0,0.0,test_1,0
2026-09-15 09:21:49.223,3045168,2993132,965444,0,2097152,0.94,0.0,0.0,0.47,0.0,0.0,0.0,0.0,0.0,0.0,test_1,0
2026-09-15 09:21:50.278,2996792,2944748,1013820,0,2097152,12130.47,0.0,0.0,2.38,0.0,0.0,0.0,0.0,0.0,0.0,test_1,0
2026-09-15 09:21:51.314,2996792,2944748,1013820,0,2097152,0.0,0.0,0.0,0.0,0.0,0.0,0.0,0.0,0.0,0.0,test_1,0
2026-09-15 09:21:52.352,2932280,2880236,1078332,0,2097152,12338.58,0.0,0.0,2.9,0.0,0.0,0.0,0.0,0.0,0.0,test_1,0
2026-09-15 09:21:53.372,2932280,2880236,1078332,0,2097152,0.0,0.0,0.0,0.0,0.0,0.0,0.0,0.0,0.0,0.0,test_1,0
2026-09-15 09:21:54.420,2883896,2831852,1126716,0,2097152,12219.0,0.0,0.0,2.39,0.0,0.0,0.0,0.0,0.0,0.0,test_1,0
2026-09-15 09:21:55.423,2883896,2831852,1126716,0,2097152,1.0,0.0,0.0,0.25,0.0,0.0,0.0,0.0,0.0,0.0,test_1,0
2026-09-15 09:21:56.439,2835512,2783468,1175100,0,2097152,12603.19,0.0,0.0,1.98,0.0,0.0,0.0,0.0,0.0,0.0,test_1,0
2026-09-15 09:21:57.453,2835512,2783468,1175100,0,2097152,0.0,0.0,0.0,0.0,0.0,0.0,0.0,0.0,0.0,0.0,test_1,0
2026-09-15 09:21:58.469,2779064,2727020,1231548,0,2097152,12606.26,0.0,0.0,2.7,0.0,0.0,0.0,0.0,0.0,0.0,test_1,0
2026-09-15 09:21:59.480,2779064,2727020,1231548,0,2097152,0.0,0.0,0.0,0.0,0.0,0.0,0.0,0.0,0.0,0.0,test_1,0
2026-09-15 09:22:00.493,2730680,2678636,1279932,0,2097152,12632.9,0.0,0.0,1.98,0.0,0.0,0.0,0.0,0.0,0.0,test_1,0
2026-09-15 09:22:01.500,2730680,2678636,1279932,0,2097152,0.0,0.0,0.0,0.25,0.0,0.0,0.0,0.0,0.0,0.0,test_1,0
2026-09-15 09:22:02.508,2682296,2630252,1328316,0,2097152,12705.34,0.0,0.0,2.23,0.0,0.0,0.0,0.0,0.0,0.0,test_1,0
2026-09-15 09:22:03.512,2682296,2630252,1328316,0,2097152,0.0,0.0,0.0,0.0,0.0,0.0,0.0,0.0,0.0,0.0,test_1,0
2026-09-15 09:22:04.515,2625848,2573804,1384764,0,2097152,12759.16,0.0,0.0,2.0,0.0,0.0,0.0,0.0,0.0,0.0,test_1,0
2026-09-15 09:22:05.567,2625848,2573804,1384764,0,2097152,0.0,0.0,0.0,0.0,0.0,0.0,0.0,0.0,0.0,0.0,test_1,0
2026-09-15 09:22:06.584,2577464,2525420,1433148,0,2097152,12586.44,0.0,0.0,2.7,0.0,0.0,0.0,0.0,0.0,0.0,test_1,0
2026-09-15 09:22:07.599,2577464,2525420,1433148,0,2097152,0.0,0.0,0.0,0.25,0.0,0.0,0.0,0.0,0.0,0.0,test_1,0
2026-09-15 09:22:08.609,2529080,2477036,1481532,0,2097152,12683.28,0.0,0.0,2.23,0.0,0.0,0.0,0.0,0.0,0.0,test_1,0
2026-09-15 09:22:09.618,2529080,2477036,1481532,0,2097152,0.0,0.0,0.0,0.25,0.0,0.0,0.0,0.0,0.0,0.0,test_1,0
2026-09-15 09:22:10.625,2480764,2428720,1529848,0,2097152,12128.61,0.0,0.0,2.24,0.0,0.0,0.0,0.0,0.0,0.0,test_1,0
2026-09-15 09:22:11.629,2472632,2420588,1537980,0,2097152,582.63,0.0,0.0,0.5,0.0,0.0,0.0,0.0,0.0,0.0,test_1,0
2026-09-15 09:22:12.640,2472520,2420588,1538092,0,2097152,0.0,0.0,0.0,0.0,0.0,0.0,0.0,0.0,0.0,0.0,test_1,0
2026-09-15 09:22:13.213,2355148,2293832,1655464,0,2097152,0.0,0.0,0.0,14.99,0.0,0.0,0.0,0.0,0.0,0.0,test_1,0
2026-09-15 09:22:13.690,2424136,2372204,1586476,0,2097152,12197.3,0.0,0.0,2.61,0.0,42931.14,0.0,0.0,0.0,0.0,test_1,0
2026-09-15 09:22:14.250,2351732,2286564,1658880,0,2097152,873.1,0.0,0.0,4.31,3682904.69,3951.61,0.0,0.0,0.0,0.0,test_1,0
2026-09-15 09:22:14.693,2424136,2372204,1586476,0,2097152,0.0,0.0,0.0,0.0,0.0,0.0,0.0,0.0,0.0,0.0,test_1,0
2026-09-15 09:22:15.254,2299176,2233872,1711436,0,2097152,13895.4,0.0,0.0,2.99,130568.32,12240.78,0.0,0.0,0.0,0.0,test_1,0
2026-09-15 09:22:16.258,2306300,2241000,1704312,0,2097152,0.0,0.0,0.0,0.25,0.0,0.0,0.0,0.0,0.0,0.0,test_1,0
2026-09-15 09:22:17.262,2261200,2195892,1749412,0,2097152,12763.74,0.0,0.0,1.76,0.0,97903.13,0.0,0.0,0.0,0.0,test_1,0
2026-09-15 09:22:18.272,2261200,2195892,1749412,0,2097152,0.0,0.0,0.0,0.0,0.0,0.0,0.0,0.0,0.0,0.0,test_1,0
2026-09-15 09:22:19.276,2217752,2152444,1792860,0,2097152,12750.34,0.0,0.0,2.49,0.0,0.0,0.0,0.0,0.0,0.0,test_1,0
2026-09-15 09:22:20.281,2219752,2154444,1790860,0,2097152,0.0,0.0,0.0,0.0,0.0,0.0,0.0,0.0,0.0,0.0,test_1,0
2026-09-15 09:22:21.285,2163444,2098136,1847168,0,2097152,12749.2,0.0,0.0,2.74,0.0,0.0,0.0,0.0,0.0,0.0,test_1,0
2026-09-15 09:22:22.308,2163444,2098136,1847168,0,2097152,0.0,0.0,0.0,0.0,0.0,0.0,0.0,0.0,0.0,0.0,test_1,0
2026-09-15 09:22:23.312,2115060,2049752,1895552,0,2097152,12740.28,0.0,0.0,2.24,0.0,0.0,0.0,0.0,0.0,0.0,test_1,0
2026-09-15 09:22:24.328,2115060,2049752,1895552,0,2097152,0.0,0.0,0.0,0.0,0.0,0.0,0.0,0.0,0.0,0.0,test_1,0
2026-09-15 09:22:25.332,2058612,1993304,1952000,0,2097152,12758.24,0.0,0.0,2.73,0.0,0.0,0.0,0.0,0.0,0.0,test_1,0
2026-09-15 09:22:26.336,2058612,1993304,1952000,0,2097152,0.0,0.0,0.0,0.0,0.0,0.0,0.0,0.0,0.0,0.0,test_1,0
2026-09-15 09:22:27.342,2010228,1944920,2000384,0,2097152,12718.41,0.0,0.0,1.99,0.0,0.0,0.0,0.0,0.0,0.0,test_1,0
2026-09-15 09:22:28.345,2010228,1944920,2000384,0,2097152,0.0,0.0,0.0,0.25,0.0,0.0,0.0,0.0,0.0,0.0,test_1,0
2026-09-15 09:22:29.350,1961844,1896536,2048768,0,2097152,12742.52,0.0,0.0,2.25,0.0,0.0,0.0,0.0,0.0,0.0,test_1,0
2026-09-15 09:22:30.370,1961844,1896536,2048768,0,2097152,0.0,0.0,0.0,0.0,0.0,0.0,0.0,0.0,0.0,0.0,test_1,0
2026-09-15 09:22:31.386,1905456,1840148,2105156,0,2097152,12591.03,0.0,0.0,2.22,0.0,0.0,0.0,0.0,0.0,0.0,test_1,0
2026-09-15 09:22:32.389,1905396,1840088,2105216,0,2097152,0.0,0.0,0.0,0.0,0.0,0.0,0.0,0.0,0.0,0.0,test_1,0
2026-09-15 09:22:33.398,1905396,1840088,2105216,0,2097152,876.05,0.0,0.0,0.25,0.0,0.0,0.0,0.0,0.0,0.0,test_1,0
2026-09-15 09:22:34.406,1857104,1791796,2153508,0,2097152,11823.72,0.0,0.0,2.23,0.0,0.0,0.0,0.0,0.0,0.0,test_1,0
2026-09-15 09:22:35.411,1859180,1793872,2151432,0,2097152,0.0,0.0,0.0,0.0,0.0,0.0,0.0,0.0,0.0,0.0,test_1,0
2026-09-15 09:22:36.428,1810796,1745488,2199816,0,2097152,12597.56,0.0,0.0,2.46,0.0,0.0,0.0,0.0,0.0,0.0,test_1,0
2026-09-15 09:22:37.439,1811476,1746168,2199136,0,2097152,0.0,0.0,0.0,0.0,0.0,0.0,0.0,0.0,0.0,0.0,test_1,0
2026-09-15 09:22:38.451,1746852,1681656,2263760,0,2097152,12646.43,0.0,0.0,2.97,0.0,0.0,0.0,0.0,0.0,0.0,test_1,0
2026-09-15 09:22:39.469,1746852,1681656,2263760,0,2097152,0.0,0.0,0.0,0.0,0.0,0.0,0.0,0.0,0.0,0.0,test_1,0
2026-09-15 09:22:40.486,1698580,1633272,2312032,0,2097152,12587.44,0.0,0.0,2.71,0.0,0.0,0.0,0.0,0.0,0.0,test_1,0
2026-09-15 09:22:41.498,1698580,1633272,2312032,0,2097152,0.0,0.0,0.0,0.25,0.0,0.0,0.0,0.0,0.0,0.0,test_1,0
2026-09-15 09:22:42.511,1650196,1584888,2360416,0,2097152,12640.96,0.0,0.0,2.47,0.0,0.0,0.0,0.0,0.0,0.0,test_1,0
2026-09-15 09:22:43.068,1594044,1528736,2416568,0,2097152,0.0,0.0,0.0,0.25,0.0,0.0,0.0,0.0,0.0,0.0,test_1,0
2026-09-15 09:22:43.521,1650196,1584888,2360416,0,2097152,0.0,0.0,0.0,0.25,0.0,125741.55,0.0,0.0,0.0,0.0,test_1,0
2026-09-15 09:22:44.096,1545724,1480416,2464888,0,2097152,12444.89,0.0,0.0,2.19,0.0,0.0,0.0,0.0,0.0,0.0,test_1,0
2026-09-15 09:22:44.528,1593748,1528440,2416864,0,2097152,12708.88,0.0,0.0,1.74,0.0,0.0,0.0,0.0,0.0,0.0,test_1,0
2026-09-15 09:22:45.154,1545724,1480416,2464888,0,2097152,0.0,0.0,0.0,0.0,0.0,69725.35,0.0,0.0,0.0,0.0,test_1,0
2026-09-15 09:22:46.164,1497340,1432032,2513272,0,2097152,12675.93,0.0,0.0,2.23,0.0,0.0,0.0,0.0,0.0,0.0,test_1,0
2026-09-15 09:22:47.171,1497340,1432032,2513272,0,2097152,0.0,0.0,0.0,0.0,0.0,24395.02,0.0,0.0,0.0,0.0,test_1,0
2026-09-15 09:22:48.174,1440892,1375584,2569720,0,2097152,12758.47,0.0,0.0,2.99,0.0,0.0,0.0,0.0,0.0,0.0,test_1,0
2026-09-15 09:22:49.185,1440892,1375584,2569720,0,2097152,0.0,0.0,0.0,0.0,0.0,0.0,0.0,0.0,0.0,0.0,test_1,0
2026-09-15 09:22:50.200,1392508,1327200,2618104,0,2097152,12610.34,0.0,0.0,2.22,0.0,0.0,0.0,0.0,0.0,0.0,test_1,0
2026-09-15 09:22:51.203,1392508,1327200,2618104,0,2097152,0.0,0.0,0.0,0.0,0.0,0.0,0.0,0.0,0.0,0.0,test_1,0
2026-09-15 09:22:52.211,1384516,1319208,2626096,0,2097152,1512.16,0.0,0.0,0.5,0.0,0.0,0.0,0.0,0.0,0.0,test_1,0
2026-09-15 09:22:53.215,1344124,1278816,2666488,0,2097152,11225.61,0.0,0.0,2.23,0.0,0.0,0.0,0.0,0.0,0.0,test_1,0
2026-09-15 09:22:54.218,1344124,1278816,2666488,0,2097152,0.0,0.0,0.0,0.0,0.0,0.0,0.0,0.0,0.0,0.0,test_1,0
2026-09-15 09:22:55.237,1287676,1222368,2722936,0,2097152,12567.4,0.0,0.0,2.46,0.0,0.0,0.0,0.0,0.0,0.0,test_1,0
2026-09-15 09:22:56.253,1287676,1222368,2722936,0,2097152,0.0,0.0,0.0,0.0,0.0,0.0,0.0,0.0,0.0,0.0,test_1,0
2026-09-15 09:22:57.264,1239292,1173984,2771320,0,2097152,12659.27,0.0,0.0,2.22,0.0,0.0,0.0,0.0,0.0,0.0,test_1,0
2026-09-15 09:22:58.270,1239292,1173984,2771320,0,2097152,0.0,0.0,0.0,0.0,0.0,0.0,0.0,0.0,0.0,0.0,test_1,0
2026-09-15 09:22:59.281,1170488,1105168,2840124,0,2097152,15990.81,0.0,0.0,2.98,0.0,0.0,0.0,0.0,0.0,0.0,test_1,0
2026-09-15 09:23:00.283,1170488,1105168,2840124,0,2097152,0.0,0.0,0.0,0.0,0.0,0.0,0.0,0.0,0.0,0.0,test_1,0
2026-09-15 09:23:01.287,1122356,1057036,2888256,0,2097152,12748.53,0.0,0.0,1.99,0.0,0.0,0.0,0.0,0.0,0.0,test_1,0
2026-09-15 09:23:02.290,1122356,1057036,2888256,0,2097152,7.98,0.0,0.0,0.0,0.0,0.0,0.0,0.0,0.0,0.0,test_1,0
2026-09-15 09:23:03.310,1074224,1008904,2936388,0,2097152,12556.49,0.0,0.0,2.21,0.0,0.0,0.0,0.0,0.0,0.0,test_1,0
2026-09-15 09:23:04.327,1074224,1008904,2936388,0,2097152,0.0,0.0,0.0,0.25,0.0,32204.9,0.0,0.0,0.0,0.0,test_1,0
2026-09-15 09:23:05.369,1025848,960520,2984764,0,2097152,12292.59,0.0,0.0,2.64,0.0,0.0,0.0,0.0,0.0,0.0,test_1,0
2026-09-15 09:23:06.413,1025388,960060,2985224,0,2097152,0.0,0.0,0.0,0.24,0.0,0.0,0.0,0.0,0.0,0.0,test_1,0
2026-09-15 09:23:07.423,968928,903712,3041684,0,2097152,12673.61,0.0,0.0,2.24,0.0,0.0,0.0,0.0,0.0,0.0,test_1,0
2026-09-15 09:23:08.432,969104,903712,3041508,0,2097152,183.3,0.0,0.0,0.74,64932.84,0.0,0.0,0.0,0.0,0.0,test_1,0
2026-09-15 09:23:09.446,921728,856336,3088884,0,2097152,12632.18,0.0,0.0,2.48,0.0,0.0,0.0,0.0,0.0,0.0,test_1,0
2026-09-15 09:23:10.496,921728,856336,3088884,0,2097152,0.0,0.0,0.0,0.0,0.0,0.0,0.0,0.0,0.0,0.0,test_1,0
2026-09-15 09:23:11.531,921728,856336,3088884,0,2097152,0.0,0.0,0.0,0.0,0.0,0.0,0.0,0.0,0.0,0.0,test_1,0
2026-09-15 09:23:12.564,921728,856336,3088884,0,2097152,0.0,0.0,0.0,0.24,0.0,0.0,0.0,0.0,0.0,0.0,test_1,0
2026-09-15 09:23:13.211,922848,857448,3087764,0,2097152,0.0,0.0,0.0,0.0,0.0,0.0,0.0,0.0,0.0,0.0,test_1,0
2026-09-15 09:23:13.596,921736,856336,3088876,0,2097152,0.0,0.0,0.0,0.0,0.0,59547.8,0.0,0.0,0.0,0.0,test_1,0
2026-09-15 09:23:14.215,927300,861900,3083312,0,2097152,0.0,0.0,0.0,0.25,0.0,0.0,0.0,0.0,0.0,0.0,test_1,0
2026-09-15 09:23:14.654,921736,856336,3088876,0,2097152,0.0,0.0,0.0,0.0,0.0,0.0,0.0,0.0,0.0,0.0,test_1,0
2026-09-15 09:23:15.267,927980,862580,3082632,0,2097152,0.0,0.0,0.0,0.24,0.0,35023.41,0.0,0.0,0.0,0.0,test_1,0
2026-09-15 09:23:16.294,927980,862580,3082632,0,2097152,0.0,0.0,0.0,0.0,0.0,0.0,0.0,0.0,0.0,0.0,test_1,0
2026-09-15 09:23:17.355,927980,862580,3082632,0,2097152,0.0,0.0,0.0,0.24,0.0,0.0,0.0,0.0,0.0,0.0,test_1,0
2026-09-15 09:23:18.372,927980,862580,3082632,0,2097152,0.0,0.0,0.0,0.0,0.0,0.0,0.0,0.0,0.0,0.0,test_1,0
2026-09-15 09:23:19.375,927980,862580,3082632,0,2097152,0.0,0.0,0.0,0.0,0.0,20409.14,0.0,0.0,0.0,0.0,test_1,0
2026-09-15 09:23:20.379,927980,862580,3082632,0,2097152,0.0,0.0,0.0,0.0,0.0,0.0,0.0,0.0,0.0,0.0,test_1,0
2026-09-15 09:23:21.385,927980,862580,3082632,0,2097152,0.0,0.0,0.0,0.0,0.0,0.0,0.0,0.0,0.0,0.0,test_1,0
2026-09-15 09:23:22.397,927980,862580,3082632,0,2097152,0.0,0.0,0.0,0.0,0.0,0.0,0.0,0.0,0.0,0.0,test_1,0
2026-09-15 09:23:23.404,927980,862580,3082632,0,2097152,0.0,0.0,0.0,0.0,0.0,0.0,0.0,0.0,0.0,0.0,test_1,0
2026-09-15 09:23:24.426,927980,862580,3082632,0,2097152,0.0,0.0,0.0,0.0,0.0,0.0,0.0,0.0,0.0,0.0,test_1,0
2026-09-15 09:23:25.439,927980,862580,3082632,0,2097152,0.0,0.0,0.0,0.25,0.0,0.0,0.0,0.0,0.0,0.0,test_1,0
2026-09-15 09:23:26.448,927980,862580,3082632,0,2097152,0.0,0.0,0.0,0.0,0.0,0.0,0.0,0.0,0.0,0.0,test_1,0
2026-09-15 09:23:27.453,927980,862580,3082632,0,2097152,0.0,0.0,0.0,0.0,0.0,0.0,0.0,0.0,0.0,0.0,test_1,0
2026-09-15 09:23:28.459,927980,862580,3082632,0,2097152,0.0,0.0,0.0,0.0,0.0,0.0,0.0,0.0,0.0,0.0,test_1,0
2026-09-15 09:23:29.535,927980,862580,3082632,0,2097152,0.0,0.0,0.0,0.46,0.0,0.0,0.0,0.0,0.0,0.0,test_1,0
2026-09-15 09:23:30.560,927980,862580,3082632,0,2097152,0.0,0.0,0.0,0.0,0.0,0.0,0.0,0.0,0.0,0.0,test_1,0
2026-09-15 09:23:31.588,927980,862580,3082632,0,2097152,0.0,0.0,0.0,0.0,0.0,0.0,0.0,0.0,0.0,0.0,test_1,0
2026-09-15 09:23:32.595,927980,862580,3082632,0,2097152,0.0,0.0,0.0,0.0,0.0,0.0,0.0,0.0,0.0,0.0,test_1,0
2026-09-15 09:23:33.614,928228,862932,3082384,0,2097152,0.0,0.0,0.0,0.49,0.0,0.0,0.0,0.0,0.0,0.0,test_1,0
2026-09-15 09:23:34.618,928228,862932,3082384,0,2097152,0.0,0.0,0.0,0.0,0.0,0.0,0.0,0.0,0.0,0.0,test_1,0
2026-09-15 09:23:35.637,928100,862804,3082512,0,2097152,0.0,0.0,0.0,0.0,0.0,0.0,0.0,0.0,0.0,0.0,test_1,0
2026-09-15 09:23:36.645,928228,862932,3082384,0,2097152,0.0,0.0,0.0,0.25,0.0,0.0,0.0,0.0,0.0,0.0,test_1,0
2026-09-15 09:23:37.683,928228,862932,3082384,0,2097152,0.0,0.0,0.0,0.24,0.0,0.0,0.0,0.0,0.0,0.0,test_1,0
2026-09-15 09:23:38.688,1182344,1117048,2828268,0,2097152,1.99,0.0,0.0,0.75,0.0,0.0,0.0,0.0,0.0,0.0,test_1,0
2026-09-15 09:23:39.714,3493068,3427772,517544,0,2097152,51.66,0.0,0.0,7.32,0.0,0.0,0.0,0.0,0.0,0.0,test_1,0
2026-09-15 09:23:40.744,3362092,3296796,648520,0,2097152,0.0,0.0,0.0,0.49,0.0,0.0,0.0,0.0,0.0,0.0,test_1,0
2026-09-15 09:23:41.766,3493164,3427868,517448,0,2097152,0.0,0.0,0.0,0.49,0.0,0.0,0.0,0.0,0.0,0.0,test_1,0
2026-09-15 09:23:42.805,3362092,3296796,648520,0,2097152,0.0,0.0,0.0,0.0,0.0,0.0,0.0,0.0,0.0,0.0,test_1,0
2026-09-15 09:23:43.290,3493164,3427868,517448,0,2097152,0.0,0.0,0.0,0.49,0.0,0.0,0.0,0.0,0.0,0.0,test_1,0
2026-09-15 09:23:43.815,3493164,3427868,517448,0,2097152,0.99,0.0,0.0,0.5,0.0,44633.8,0.0,0.0,0.0,0.0,test_1,0
2026-09-15 09:23:44.327,3493164,3427868,517448,0,2097152,0.0,0.0,0.0,0.24,0.0,0.0,0.0,0.0,0.0,0.0,test_1,0
2026-09-15 09:23:44.823,3493164,3427868,517448,0,2097152,0.0,0.0,0.0,0.0,0.0,0.0,0.0,0.0,0.0,0.0,test_1,0
2026-09-15 09:23:45.343,3493164,3427868,517448,0,2097152,0.0,0.0,0.0,0.5,0.0,0.0,0.0,0.0,0.0,0.0,test_1,0
2026-09-15 09:23:46.379,3493164,3427868,517448,0,2097152,0.0,0.0,0.0,0.0,0.0,0.0,0.0,0.0,0.0,0.0,test_1,0
2026-09-15 09:23:47.385,3493164,3427868,517448,0,2097152,0.0,0.0,0.0,0.5,0.0,4069.36,0.0,0.0,0.0,0.0,test_1,0
2026-09-15 09:23:48.417,3493164,3427868,517448,0,2097152,0.0,0.0,0.0,0.0,0.0,0.0,0.0,0.0,0.0,0.0,test_1,0
2026-09-15 09:23:49.445,3493172,3427868,517440,0,2097152,0.97,0.0,0.0,0.74,0.0,79712.76,0.0,0.0,0.0,0.0,test_1,0
2026-09-15 09:23:50.470,3493172,3427868,517440,0,2097152,0.0,0.0,0.0,0.0,0.0,0.0,0.0,0.0,0.0,0.0,test_1,0
2026-09-15 09:23:51.493,3493172,3427868,517440,0,2097152,0.0,0.0,0.0,0.0,0.0,0.0,0.0,0.0,0.0,0.0,test_1,0
2026-09-15 09:23:52.514,3493172,3427868,517440,0,2097152,0.0,0.0,0.0,0.0,0.0,0.0,0.0,0.0,0.0,0.0,test_1,0
2026-09-15 09:23:53.532,3493172,3427868,517440,0,2097152,0.0,0.0,0.0,0.0,0.0,0.0,0.0,0.0,0.0,0.0,test_1,0
2026-09-15 09:23:54.550,3493172,3427868,517440,0,2097152,0.0,0.0,0.0,0.0,0.0,0.0,0.0,0.0,0.0,0.0,test_1,0
2026-09-15 09:23:55.565,3493172,3427868,517440,0,2097152,0.0,0.0,0.0,0.0,0.0,0.0,0.0,0.0,0.0,0.0,test_1,0
2026-09-15 09:23:56.575,3493172,3427868,517440,0,2097152,0.0,0.0,0.0,0.0,0.0,0.0,0.0,0.0,0.0,0.0,test_1,0
2026-09-15 09:23:57.583,3493172,3427868,517440,0,2097152,0.0,0.0,0.0,0.0,0.0,0.0,0.0,0.0,0.0,0.0,test_1,0
2026-09-15 09:23:58.589,3493172,3427868,517440,0,2097152,214.79,0.0,0.0,0.25,0.0,0.0,0.0,0.0,0.0,0.0,test_1,0
2026-09-15 09:23:59.597,3493172,3427868,517440,0,2097152,0.0,0.0,0.0,0.0,0.0,0.0,0.0,0.0,0.0,0.0,test_1,0
2026-09-15 09:24:00.626,3493172,3427868,517440,0,2097152,0.0,0.0,0.0,0.0,0.0,0.0,0.0,0.0,0.0,0.0,test_1,0
2026-09-15 09:24:01.654,3493172,3427868,517440,0,2097152,0.0,0.0,0.0,0.48,0.0,0.0,0.0,0.0,0.0,0.0,test_1,0
2026-09-15 09:24:02.658,3493172,3427868,517440,0,2097152,0.0,0.0,0.0,0.0,0.0,0.0,0.0,0.0,0.0,0.0,test_1,0
2026-09-15 09:24:03.687,3493172,3427868,517440,0,2097152,0.0,0.0,0.0,0.0,0.0,0.0,0.0,0.0,0.0,0.0,test_1,0
2026-09-15 09:24:04.712,3493172,3427868,517440,0,2097152,0.0,0.0,0.0,0.0,0.0,0.0,0.0,0.0,0.0,0.0,test_1,0
2026-09-15 09:24:05.733,3493172,3427868,517440,0,2097152,0.0,0.0,0.0,0.24,0.0,0.0,0.0,0.0,0.0,0.0,test_1,0
2026-09-15 09:24:06.760,3493172,3427868,517440,0,2097152,0.0,0.0,0.0,0.24,0.0,0.0,0.0,0.0,0.0,0.0,test_1,0
2026-09-15 09:24:07.769,3493172,3427868,517440,0,2097152,0.0,0.0,0.0,0.0,0.0,0.0,0.0,0.0,0.0,0.0,test_1,0
2026-09-15 09:24:08.775,3493172,3427868,517440,0,2097152,0.0,0.0,0.0,0.0,0.0,0.0,0.0,0.0,0.0,0.0,test_1,0
2026-09-15 09:24:09.778,3493172,3427868,517440,0,2097152,0.0,0.0,0.0,0.0,0.0,0.0,0.0,0.0,0.0,0.0,test_1,0
2026-09-15 09:24:10.790,3493172,3427868,517440,0,2097152,0.0,0.0,0.0,0.0,0.0,0.0,0.0,0.0,0.0,0.0,test_1,0
2026-09-15 09:24:11.819,3493172,3427868,517440,0,2097152,0.0,0.0,0.0,0.24,0.0,0.0,0.0,0.0,0.0,0.0,test_1,0
2026-09-15 09:24:12.848,3493172,3427868,517440,0,2097152,0.0,0.0,0.0,0.24,0.0,0.0,0.0,0.0,0.0,0.0,test_1,0
2026-09-15 09:24:13.456,3493172,3427868,517440,0,2097152,0.0,0.0,0.0,0.25,0.0,0.0,0.0,0.0,0.0,0.0,test_1,0
2026-09-15 09:24:13.851,3493172,3427868,517440,0,2097152,0.0,0.0,0.0,0.0,0.0,0.0,0.0,0.0,0.0,0.0,test_1,0
2026-09-15 09:24:14.466,3493172,3427868,517440,0,2097152,0.0,0.0,0.0,0.0,0.0,0.0,0.0,0.0,0.0,0.0,test_1,0
2026-09-15 09:24:14.908,3493172,3427868,517440,0,2097152,0.0,0.0,0.0,0.24,0.0,0.0,0.0,0.0,0.0,0.0,test_1,0
2026-09-15 09:24:15.473,3493172,3427868,517440,0,2097152,0.0,0.0,0.0,0.25,0.0,0.0,0.0,0.0,0.0,0.0,test_1,0
2026-09-15 09:24:16.475,3493172,3427868,517440,0,2097152,0.0,0.0,0.0,0.0,0.0,0.0,0.0,0.0,0.0,0.0,test_1,0
2026-09-15 09:24:17.487,3493172,3427868,517440,0,2097152,0.0,0.0,0.0,0.0,0.0,8098.97,0.0,0.0,0.0,0.0,test_1,0
2026-09-15 09:24:18.540,3493172,3427868,517440,0,2097152,0.0,0.0,0.0,0.0,0.0,15554.84,0.0,0.0,0.0,0.0,test_1,0
2026-09-15 09:24:19.558,3493172,3427868,517440,0,2097152,0.0,0.0,0.0,0.0,0.0,0.0,0.0,0.0,0.0,0.0,test_1,0
2026-09-15 09:24:20.588,3493172,3427868,517440,0,2097152,0.0,0.0,0.0,0.0,0.0,0.0,0.0,0.0,0.0,0.0,test_1,0
2026-09-15 09:24:21.639,3493172,3427868,517440,0,2097152,0.0,0.0,0.0,0.0,0.0,0.0,0.0,0.0,0.0,0.0,test_1,0
2026-09-15 09:24:22.646,3493172,3427868,517440,0,2097152,0.0,0.0,0.0,0.0,0.0,0.0,0.0,0.0,0.0,0.0,test_1,0
2026-09-15 09:24:23.673,3493172,3427868,517440,0,2097152,0.0,0.0,0.0,0.0,0.0,0.0,0.0,0.0,0.0,0.0,test_1,0
2026-09-15 09:24:24.715,3493172,3427868,517440,0,2097152,0.0,0.0,0.0,0.0,0.0,0.0,0.0,0.0,0.0,0.0,test_1,0
2026-09-15 09:24:25.779,3493172,3427868,517440,0,2097152,0.0,0.0,0.0,0.23,0.0,0.0,0.0,0.0,0.0,0.0,test_1,0
2026-09-15 09:24:26.827,3493172,3427868,517440,0,2097152,0.0,0.0,0.0,0.24,0.0,0.0,0.0,0.0,0.0,0.0,test_1,0
2026-09-15 09:24:27.871,3493172,3427868,517440,0,2097152,0.0,0.0,0.0,0.0,0.0,0.0,0.0,0.0,0.0,0.0,test_1,0
2026-09-15 09:24:28.882,3498304,3432976,512308,0,2097152,0.0,0.0,0.0,1.48,0.0,0.0,0.0,0.0,0.0,0.0,test_1,0
2026-09-15 09:24:29.902,3498304,3432976,512308,0,2097152,0.0,0.0,0.0,0.0,0.0,0.0,0.0,0.0,0.0,0.0,test_1,0
2026-09-15 09:24:30.914,3498304,3432976,512308,0,2097152,0.0,0.0,0.0,0.25,0.0,0.0,0.0,0.0,0.0,0.0,test_1,0
2026-09-15 09:24:31.931,3498304,3432976,512308,0,2097152,0.0,0.0,0.0,0.0,0.0,0.0,0.0,0.0,0.0,0.0,test_1,0
2026-09-15 09:24:32.945,3498304,3432976,512308,0,2097152,0.0,0.0,0.0,0.0,0.0,0.0,0.0,0.0,0.0,0.0,test_1,0
2026-09-15 09:24:33.956,3498304,3432976,512308,0,2097152,0.0,0.0,0.0,0.0,0.0,0.0,0.0,0.0,0.0,0.0,test_1,0
2026-09-15 09:26:34.505,3499212,3433580,511400,0,2097152,2.91,0.0,0.0,0.24,0.0,0.0,0.0,0.0,0.0,0.0,test_2,0
2026-09-15 09:26:35.510,3499212,3433580,511400,0,2097152,0.99,0.0,0.0,0.0,0.0,0.0,0.0,0.0,0.0,0.0,test_2,0
2026-09-15 09:26:36.527,3499212,3433580,511400,0,2097152,0.98,0.0,0.0,0.0,0.0,0.0,0.0,0.0,0.0,0.0,test_2,0
2026-09-15 09:26:37.530,3499212,3433580,511400,0,2097152,0.0,0.0,0.0,0.25,0.0,0.0,0.0,0.0,0.0,0.0,test_2,0
2026-09-15 09:26:38.534,3499212,3433580,511400,0,2097152,0.0,0.0,0.0,0.0,0.0,0.0,0.0,0.0,0.0,0.0,test_2,0
2026-09-15 09:26:39.538,3499212,3433580,511400,0,2097152,0.0,0.0,0.0,0.0,0.0,0.0,0.0,0.0,0.0,0.0,test_2,0
2026-09-15 09:26:40.558,3499212,3433580,511400,0,2097152,0.0,0.0,0.0,0.24,0.0,0.0,0.0,0.0,0.0,0.0,test_2,0
2026-09-15 09:26:41.579,3499212,3433580,511400,0,2097152,0.0,0.0,0.0,0.0,0.0,0.0,0.0,0.0,0.0,0.0,test_2,0
2026-09-15 09:26:42.596,3499212,3433580,511400,0,2097152,0.98,0.0,0.0,0.0,0.0,0.0,0.0,0.0,0.0,0.0,test_2,0
2026-09-15 09:26:43.135,3499212,3433580,511400,0,2097152,0.0,0.0,0.0,0.49,0.0,0.0,0.0,0.0,0.0,0.0,test_2,0
2026-09-15 09:26:43.609,3499212,3433580,511400,0,2097152,0.0,0.0,0.0,0.25,0.0,44480.39,0.0,0.0,0.0,0.0,test_2,0
2026-09-15 09:26:44.164,3499212,3433580,511400,0,2097152,0.0,0.0,0.0,0.0,0.0,0.0,0.0,0.0,0.0,0.0,test_2,0
2026-09-15 09:26:44.624,3499212,3433580,511400,0,2097152,0.0,0.0,0.0,0.25,0.0,0.0,0.0,0.0,0.0,0.0,test_2,0
2026-09-15 09:26:45.195,3441252,3375620,569360,0,2097152,13545.71,0.0,0.0,3.14,0.0,0.0,0.0,0.0,0.0,0.0,test_2,0
2026-09-15 09:26:46.206,3435576,3370048,575036,0,2097152,0.0,0.0,0.0,0.74,0.0,0.0,0.0,0.0,0.0,0.0,test_2,0
2026-09-15 09:26:47.217,3395508,3329980,615104,0,2097152,12669.87,0.0,0.0,1.99,0.0,4054.04,0.0,0.0,0.0,0.0,test_2,0
2026-09-15 09:26:48.226,3395508,3329980,615104,0,2097152,0.0,0.0,0.0,0.25,0.0,0.0,0.0,0.0,0.0,0.0,test_2,0
2026-09-15 09:26:49.235,3339068,3273532,671544,0,2097152,12690.8,0.0,0.0,2.48,0.0,20302.11,0.0,0.0,0.0,0.0,test_2,0
2026-09-15 09:26:50.239,3339068,3273532,671544,0,2097152,0.0,0.0,0.0,0.0,0.0,0.0,0.0,0.0,0.0,0.0,test_2,0
2026-09-15 09:26:51.246,3282620,3217084,727992,0,2097152,12715.89,0.0,0.0,1.99,0.0,0.0,0.0,0.0,0.0,0.0,test_2,0
2026-09-15 09:26:52.254,3282620,3217084,727992,0,2097152,0.0,0.0,0.0,0.25,0.0,0.0,0.0,0.0,0.0,0.0,test_2,0
2026-09-15 09:26:53.257,3282620,3217084,727992,0,2097152,0.0,0.0,0.0,0.0,0.0,0.0,0.0,0.0,0.0,0.0,test_2,0
2026-09-15 09:26:54.263,3234236,3168700,776376,0,2097152,12721.48,0.0,0.0,2.23,0.0,0.0,0.0,0.0,0.0,0.0,test_2,0
2026-09-15 09:26:55.268,3234236,3168700,776376,0,2097152,0.0,0.0,0.0,0.0,0.0,0.0,0.0,0.0,0.0,0.0,test_2,0
2026-09-15 09:26:56.271,3178796,3113260,831816,0,2097152,12758.6,0.0,0.0,2.49,0.0,0.0,0.0,0.0,0.0,0.0,test_2,0
2026-09-15 09:26:57.294,3178796,3113260,831816,0,2097152,0.0,0.0,0.0,0.0,0.0,0.0,0.0,0.0,0.0,0.0,test_2,0
2026-09-15 09:26:58.359,3130412,3064876,880200,0,2097152,12026.35,0.0,0.0,2.8,0.0,0.0,0.0,0.0,0.0,0.0,test_2,0
2026-09-15 09:26:59.362,3130412,3064876,880200,0,2097152,0.0,0.0,0.0,0.0,0.0,0.0,0.0,0.0,0.0,0.0,test_2,0
2026-09-15 09:27:00.424,3082028,3016492,928584,0,2097152,12052.99,0.0,0.0,1.89,0.0,0.0,0.0,0.0,0.0,0.0,test_2,0
2026-09-15 09:27:01.429,3082028,3016492,928584,0,2097152,0.0,0.0,0.0,0.0,0.0,0.0,0.0,0.0,0.0,0.0,test_2,0
2026-09-15 09:27:02.489,3025580,2960044,985032,0,2097152,12080.18,0.0,0.0,2.35,0.0,0.0,0.0,0.0,0.0,0.0,test_2,0
2026-09-15 09:27:03.552,3025580,2960044,985032,0,2097152,0.0,0.0,0.0,0.0,0.0,0.0,0.0,0.0,0.0,0.0,test_2,0
2026-09-15 09:27:04.573,2977196,2911660,1033416,0,2097152,12537.88,0.0,0.0,2.44,0.0,0.0,0.0,0.0,0.0,0.0,test_2,0
2026-09-15 09:27:05.589,2977196,2911660,1033416,0,2097152,0.0,0.0,0.0,0.25,0.0,0.0,0.0,0.0,0.0,0.0,test_2,0
2026-09-15 09:27:06.605,2920748,2855212,1089864,0,2097152,12591.24,0.0,0.0,2.22,0.0,0.0,0.0,0.0,0.0,0.0,test_2,0
2026-09-15 09:27:07.610,2920748,2855212,1089864,0,2097152,0.0,0.0,0.0,0.0,0.0,0.0,0.0,0.0,0.0,0.0,test_2,0
2026-09-15 09:27:08.618,2872364,2806828,1138248,0,2097152,12695.13,0.0,0.0,2.24,0.0,0.0,0.0,0.0,0.0,0.0,test_2,0
2026-09-15 09:27:09.624,2872364,2806828,1138248,0,2097152,0.0,0.0,0.0,0.0,0.0,0.0,0.0,0.0,0.0,0.0,test_2,0
2026-09-15 09:27:10.627,2824092,2758444,1186520,0,2097152,12763.72,0.0,0.0,2.0,0.0,0.0,0.0,0.0,0.0,0.0,test_2,0
2026-09-15 09:27:11.630,2824092,2758444,1186520,0,2097152,0.0,0.0,0.0,0.0,0.0,0.0,0.0,0.0,0.0,0.0,test_2,0
2026-09-15 09:27:12.648,2767644,2701996,1242968,0,2097152,12573.22,0.0,0.0,1.97,0.0,0.0,0.0,0.0,0.0,0.0,test_2,0
2026-09-15 09:27:13.134,2719260,2653612,1291352,0,2097152,0.0,0.0,0.0,0.0,0.0,0.0,0.0,0.0,0.0,0.0,test_2,0
2026-09-15 09:27:13.664,2767644,2701996,1242968,0,2097152,0.0,0.0,0.0,0.0,0.0,0.0,0.0,0.0,0.0,0.0,test_2,0
2026-09-15 09:27:14.167,2671772,2606236,1338840,0,2097152,12391.81,0.0,0.0,2.42,0.0,0.0,0.0,0.0,0.0,0.0,test_2,0
2026-09-15 09:27:14.678,2719260,2653612,1291352,0,2097152,12624.75,0.0,0.0,2.22,0.0,44435.65,0.0,0.0,0.0,0.0,test_2,0
2026-09-15 09:27:15.171,2671772,2606236,1338840,0,2097152,0.0,0.0,0.0,0.0,0.0,0.0,0.0,0.0,0.0,0.0,test_2,0
2026-09-15 09:27:16.176,2623452,2557916,1387160,0,2097152,10714.35,0.0,0.0,1.75,0.0,0.0,0.0,0.0,0.0,0.0,test_2,0
2026-09-15 09:27:17.181,2615436,2549788,1395176,0,2097152,2023.43,0.0,0.0,0.5,0.0,0.0,0.0,0.0,0.0,0.0,test_2,0
2026-09-15 09:27:18.186,2615436,2549788,1395176,0,2097152,0.0,0.0,0.0,0.0,0.0,20390.93,0.0,0.0,0.0,0.0,test_2,0
2026-09-15 09:27:19.250,2567052,2501404,1443560,0,2097152,12029.28,0.0,0.0,2.11,0.0,0.0,0.0,0.0,0.0,0.0,test_2,0
2026-09-15 09:27:20.259,2567052,2501404,1443560,0,2097152,0.0,0.0,0.0,0.0,0.0,0.0,0.0,0.0,0.0,0.0,test_2,0
2026-09-15 09:27:21.273,2502540,2436892,1508072,0,2097152,12619.61,0.0,0.0,2.22,0.0,0.0,0.0,0.0,0.0,0.0,test_2,0
2026-09-15 09:27:22.285,2502540,2436892,1508072,0,2097152,0.0,0.0,0.0,0.0,0.0,0.0,0.0,0.0,0.0,0.0,test_2,0
2026-09-15 09:27:23.291,2454156,2388508,1556456,0,2097152,12721.65,0.0,0.0,1.99,0.0,0.0,0.0,0.0,0.0,0.0,test_2,0
2026-09-15 09:27:24.296,2454156,2388508,1556456,0,2097152,0.0,0.0,0.0,0.0,0.0,0.0,0.0,0.0,0.0,0.0,test_2,0
2026-09-15 09:27:25.319,2405772,2340124,1604840,0,2097152,12518.83,0.0,0.0,1.96,0.0,0.0,0.0,0.0,0.0,0.0,test_2,0
2026-09-15 09:27:26.333,2405772,2340124,1604840,0,2097152,0.0,0.0,0.0,0.0,0.0,0.0,0.0,0.0,0.0,0.0,test_2,0
2026-09-15 09:27:27.349,2349324,2283676,1661288,0,2097152,12596.12,0.0,0.0,2.21,0.0,0.0,0.0,0.0,0.0,0.0,test_2,0
2026-09-15 09:27:28.353,2349324,2283676,1661288,0,2097152,0.0,0.0,0.0,0.0,0.0,0.0,0.0,0.0,0.0,0.0,test_2,0
2026-09-15 09:27:29.364,2300940,2235292,1709672,0,2097152,12663.22,0.0,0.0,2.23,0.0,0.0,0.0,0.0,0.0,0.0,test_2,0
2026-09-15 09:27:30.372,2300940,2235292,1709672,0,2097152,0.0,0.0,0.0,0.0,0.0,0.0,0.0,0.0,0.0,0.0,test_2,0
2026-09-15 09:27:31.374,2252556,2186908,1758056,0,2097152,12767.77,0.0,0.0,2.0,0.0,0.0,0.0,0.0,0.0,0.0,test_2,0
2026-09-15 09:27:32.390,2252556,2186908,1758056,0,2097152,0.0,0.0,0.0,0.0,0.0,0.0,0.0,0.0,0.0,0.0,test_2,0
2026-09-15 09:27:33.403,2196108,2130460,1814504,0,2097152,12642.22,0.0,0.0,2.22,0.0,0.0,0.0,0.0,0.0,0.0,test_2,0
2026-09-15 09:27:34.419,2196108,2130460,1814504,0,2097152,0.0,0.0,0.0,0.0,0.0,0.0,0.0,0.0,0.0,0.0,test_2,0
2026-09-15 09:27:35.423,2147724,2082076,1862888,0,2097152,12755.83,0.0,0.0,1.75,0.0,0.0,0.0,0.0,0.0,0.0,test_2,0
2026-09-15 09:27:36.425,2147724,2082076,1862888,0,2097152,0.0,0.0,0.0,0.0,0.0,0.0,0.0,0.0,0.0,0.0,test_2,0
2026-09-15 09:27:37.432,2099340,2033692,1911272,0,2097152,12709.67,0.0,0.0,2.23,0.0,0.0,0.0,0.0,0.0,0.0,test_2,0
2026-09-15 09:27:38.438,2099340,2033692,1911272,0,2097152,0.0,0.0,0.0,0.0,0.0,0.0,0.0,0.0,0.0,0.0,test_2,0
2026-09-15 09:27:39.441,2042892,1977244,1967720,0,2097152,12763.31,0.0,0.0,2.24,0.0,0.0,0.0,0.0,0.0,0.0,test_2,0
2026-09-15 09:27:40.459,2042892,1977244,1967720,0,2097152,0.0,0.0,0.0,0.0,0.0,0.0,0.0,0.0,0.0,0.0,test_2,0
2026-09-15 09:27:41.462,2002636,1936988,2007976,0,2097152,11525.28,0.0,0.0,1.5,0.0,0.0,0.0,0.0,0.0,0.0,test_2,0
2026-09-15 09:27:42.474,1994508,1928860,2016104,0,2097152,1230.65,0.0,0.0,0.49,0.0,0.0,0.0,0.0,0.0,0.0,test_2,0
2026-09-15 09:27:43.093,1947556,1882012,2063056,0,2097152,0.0,0.0,0.0,0.25,0.0,0.0,0.0,0.0,0.0,0.0,test_2,0
2026-09-15 09:27:43.487,1995932,1930396,2014680,0,2097152,871.35,0.0,0.0,0.25,0.0,0.0,0.0,0.0,0.0,0.0,test_2,0
2026-09-15 09:27:44.097,1892116,1826572,2118496,0,2097152,12757.33,0.0,0.0,2.24,0.0,0.0,0.0,0.0,0.0,0.0,test_2,0
2026-09-15 09:27:44.502,1947556,1882012,2063056,0,2097152,11743.07,0.0,0.0,1.97,0.0,44390.97,0.0,0.0,0.0,0.0,test_2,0
2026-09-15 09:27:45.132,1892116,1826572,2118496,0,2097152,0.0,0.0,0.0,0.0,0.0,0.0,0.0,0.0,0.0,0.0,test_2,0
2026-09-15 09:27:46.158,1843732,1778188,2166880,0,2097152,12476.17,0.0,0.0,2.19,0.0,0.0,0.0,0.0,0.0,0.0,test_2,0
2026-09-15 09:27:47.164,1843732,1778188,2166880,0,2097152,0.0,0.0,0.0,0.0,0.0,0.0,0.0,0.0,0.0,0.0,test_2,0
2026-09-15 09:27:48.188,1787284,1721740,2223328,0,2097152,12500.91,0.0,0.0,2.2,0.0,0.0,0.0,0.0,0.0,0.0,test_2,0
2026-09-15 09:27:49.205,1787284,1721740,2223328,0,2097152,0.0,0.0,0.0,0.0,0.0,20137.23,0.0,0.0,0.0,0.0,test_2,0
2026-09-15 09:27:50.209,1738900,1673356,2271712,0,2097152,12746.37,0.0,0.0,2.0,0.0,0.0,0.0,0.0,0.0,0.0,test_2,0
2026-09-15 09:27:51.238,1738900,1673356,2271712,0,2097152,0.0,0.0,0.0,0.0,0.0,0.0,0.0,0.0,0.0,0.0,test_2,0
2026-09-15 09:27:52.295,1690880,1625224,2319732,0,2097152,12113.47,0.0,0.0,1.66,0.0,0.0,0.0,0.0,0.0,0.0,test_2,0
2026-09-15 09:27:53.359,1690880,1625224,2319732,0,2097152,0.0,0.0,0.0,0.23,0.0,0.0,0.0,0.0,0.0,0.0,test_2,0
2026-09-15 09:27:54.408,1634432,1568776,2376180,0,2097152,12205.74,0.0,0.0,2.38,0.0,0.0,0.0,0.0,0.0,0.0,test_2,0
2026-09-15 09:27:55.479,1634432,1568776,2376180,0,2097152,0.0,0.0,0.0,0.0,0.0,0.0,0.0,0.0,0.0,0.0,test_2,0
2026-09-15 09:27:56.539,1594364,1528708,2416248,0,2097152,12074.12,0.0,0.0,2.12,0.0,0.0,0.0,0.0,0.0,0.0,test_2,0
2026-09-15 09:27:57.568,1594364,1528708,2416248,0,2097152,0.0,0.0,0.0,0.24,0.0,0.0,0.0,0.0,0.0,0.0,test_2,0
2026-09-15 09:27:58.578,1537916,1472260,2472696,0,2097152,12675.42,0.0,0.0,1.99,0.0,0.0,0.0,0.0,0.0,0.0,test_2,0
2026-09-15 09:27:59.605,1537916,1472260,2472696,0,2097152,0.0,0.0,0.0,0.0,0.0,0.0,0.0,0.0,0.0,0.0,test_2,0
2026-09-15 09:28:00.634,1489532,1423876,2521080,0,2097152,12439.77,0.0,0.0,2.18,0.0,0.0,0.0,0.0,0.0,0.0,test_2,0
2026-09-15 09:28:01.638,1489532,1423876,2521080,0,2097152,0.0,0.0,0.0,0.0,0.0,0.0,0.0,0.0,0.0,0.0,test_2,0
2026-09-15 09:28:02.693,1441148,1375492,2569464,0,2097152,12136.73,0.0,0.0,2.14,0.0,0.0,0.0,0.0,0.0,0.0,test_2,0
2026-09-15 09:28:03.707,1441148,1375492,2569464,0,2097152,0.0,0.0,0.0,0.0,0.0,0.0,0.0,0.0,0.0,0.0,test_2,0
2026-09-15 09:28:04.756,1389024,1323368,2621588,0,2097152,12209.52,0.0,0.0,2.38,0.0,0.0,0.0,0.0,0.0,0.0,test_2,0
2026-09-15 09:28:05.763,1389704,1324048,2620908,0,2097152,0.0,0.0,0.0,0.0,0.0,0.0,0.0,0.0,0.0,0.0,test_2,0
2026-09-15 09:28:06.790,1341320,1275664,2669292,0,2097152,12459.01,0.0,0.0,1.95,0.0,0.0,0.0,0.0,0.0,0.0,test_2,0
2026-09-15 09:28:07.798,1341320,1275664,2669292,0,2097152,0.0,0.0,0.0,0.25,0.0,0.0,0.0,0.0,0.0,0.0,test_2,0
2026-09-15 09:28:08.809,1292936,1227280,2717676,0,2097152,12659.76,0.0,0.0,2.23,0.0,0.0,0.0,0.0,0.0,0.0,test_2,0
2026-09-15 09:28:09.812,1292936,1227280,2717676,0,2097152,0.0,0.0,0.0,0.0,0.0,0.0,0.0,0.0,0.0,0.0,test_2,0
2026-09-15 09:28:10.818,1236488,1170832,2774124,0,2097152,12727.4,0.0,0.0,2.48,0.0,0.0,0.0,0.0,0.0,0.0,test_2,0
2026-09-15 09:28:11.823,1235744,1170192,2774868,0,2097152,0.0,0.0,0.0,0.25,0.0,0.0,0.0,0.0,0.0,0.0,test_2,0
2026-09-15 09:28:12.841,1187360,1121808,2823252,0,2097152,12570.93,0.0,0.0,1.97,0.0,0.0,0.0,0.0,0.0,0.0,test_2,0
2026-09-15 09:28:13.335,1138976,1073424,2871636,0,2097152,0.0,0.0,0.0,0.0,0.0,0.0,0.0,0.0,0.0,0.0,test_2,0
2026-09-15 09:28:13.844,1187360,1121808,2823252,0,2097152,0.0,0.0,0.0,0.0,0.0,44902.32,0.0,0.0,0.0,0.0,test_2,0
2026-09-15 09:28:14.341,1082528,1016976,2928084,0,2097152,12732.77,0.0,0.0,2.23,0.0,0.0,0.0,0.0,0.0,0.0,test_2,0
2026-09-15 09:28:14.856,1138976,1073424,2871636,0,2097152,12653.85,0.0,0.0,2.22,0.0,0.0,0.0,0.0,0.0,0.0,test_2,0
2026-09-15 09:28:15.346,1082528,1016976,2928084,0,2097152,0.99,0.0,0.0,0.0,0.0,0.0,0.0,0.0,0.0,0.0,test_2,0
2026-09-15 09:28:16.424,1034144,968592,2976468,0,2097152,11879.26,0.0,0.0,1.63,0.0,0.0,0.0,0.0,0.0,0.0,test_2,0
2026-09-15 09:28:17.431,1034144,968592,2976468,0,2097152,0.0,0.0,0.0,0.0,0.0,4066.37,0.0,0.0,0.0,0.0,test_2,0
2026-09-15 09:28:18.459,1002028,936476,3008584,0,2097152,7763.22,0.0,0.0,1.46,0.0,0.0,0.0,0.0,0.0,0.0,test_2,0
2026-09-15 09:28:19.462,985760,920208,3024852,0,2097152,4806.0,0.0,0.0,1.0,0.0,20416.27,0.0,0.0,0.0,0.0,test_2,0
2026-09-15 09:28:20.467,985760,920208,3024852,0,2097152,0.0,0.0,0.0,0.0,0.0,0.0,0.0,0.0,0.0,0.0,test_2,0
2026-09-15 09:28:21.488,929312,863760,3081300,0,2097152,12532.65,0.0,0.0,2.2,0.0,0.0,0.0,0.0,0.0,0.0,test_2,0
2026-09-15 09:28:22.495,929312,863760,3081300,0,2097152,0.0,0.0,0.0,0.0,0.0,0.0,0.0,0.0,0.0,0.0,test_2,0
2026-09-15 09:28:23.502,880928,815376,3129684,0,2097152,12721.47,0.0,0.0,1.99,0.0,0.0,0.0,0.0,0.0,0.0,test_2,0
2026-09-15 09:28:24.530,880928,815376,3129684,0,2097152,0.0,0.0,0.0,0.0,0.0,0.0,0.0,0.0,0.0,0.0,test_2,0
2026-09-15 09:28:25.596,832544,766992,3178068,0,2097152,12002.79,0.0,0.0,2.11,0.0,0.0,0.0,0.0,0.0,0.0,test_2,0
2026-09-15 09:28:26.602,832544,766992,3178068,0,2097152,0.0,0.0,0.0,0.0,0.0,0.0,0.0,0.0,0.0,0.0,test_2,0
2026-09-15 09:28:27.618,776096,710544,3234516,0,2097152,12607.46,0.0,0.0,2.46,0.0,0.0,0.0,0.0,0.0,0.0,test_2,0
2026-09-15 09:28:28.646,776096,710544,3234516,0,2097152,0.0,0.0,0.0,0.0,0.0,0.0,0.0,0.0,0.0,0.0,test_2,0
2026-09-15 09:28:29.662,727712,662160,3282900,0,2097152,12597.53,0.0,0.0,2.71,0.0,0.0,0.0,0.0,0.0,0.0,test_2,0
2026-09-15 09:28:30.676,727712,662160,3282900,0,2097152,0.0,0.0,0.0,0.0,0.0,0.0,0.0,0.0,0.0,0.0,test_2,0
2026-09-15 09:28:31.687,679328,613776,3331284,0,2097152,12661.14,0.0,0.0,2.48,0.0,0.0,0.0,0.0,0.0,0.0,test_2,0
2026-09-15 09:28:32.693,679328,613776,3331284,0,2097152,0.0,0.0,0.0,0.0,0.0,0.0,0.0,0.0,0.0,0.0,test_2,0
2026-09-15 09:28:33.696,623132,557580,3387480,0,2097152,12759.07,0.0,0.0,2.24,0.0,0.0,0.0,0.0,0.0,0.0,test_2,0
2026-09-15 09:28:34.701,623132,557580,3387480,0,2097152,210.03,0.0,0.0,0.25,0.0,0.0,0.0,0.0,0.0,0.0,test_2,0
2026-09-15 09:28:35.714,575112,509448,3435500,0,2097152,12629.22,0.0,0.0,2.94,0.0,0.0,0.0,0.0,0.0,0.0,test_2,0
2026-09-15 09:28:36.725,575112,509448,3435500,0,2097152,0.0,0.0,0.0,0.0,0.0,0.0,0.0,0.0,0.0,0.0,test_2,0
2026-09-15 09:28:37.736,526728,461064,3483884,0,2097152,12649.22,0.0,0.0,2.73,0.0,0.0,0.0,0.0,0.0,0.0,test_2,0
2026-09-15 09:28:38.741,524936,459272,3485676,0,2097152,0.0,0.0,0.0,0.25,0.0,0.0,0.0,0.0,0.0,0.0,test_2,0
2026-09-15 09:28:39.748,460320,394760,3550292,0,2097152,12712.33,0.0,0.0,2.96,0.0,0.0,0.0,0.0,0.0,0.0,test_2,0
2026-09-15 09:28:40.751,460320,394760,3550292,0,2097152,0.0,0.0,0.0,0.0,0.0,0.0,0.0,0.0,0.0,0.0,test_2,0
2026-09-15 09:28:41.774,436196,370636,3574416,0,2097152,6912.68,0.0,0.0,1.22,0.0,0.0,0.0,0.0,0.0,0.0,test_2,0
2026-09-15 09:28:42.787,411936,346376,3598676,0,2097152,5655.05,0.0,0.0,1.48,0.0,0.0,0.0,0.0,0.0,0.0,test_2,0
2026-09-15 09:28:43.352,332852,251696,3677760,0,2097152,0.0,0.0,0.0,2.96,0.0,0.0,0.0,0.0,0.0,0.0,test_2,0
2026-09-15 09:28:43.789,413600,346136,3597012,0,2097152,1200.37,0.0,0.0,3.98,1937257.95,102176.05,0.0,0.0,0.0,0.0,test_2,0
2026-09-15 09:28:44.419,276668,195500,3733944,0,2097152,12002.66,0.0,0.0,2.35,0.0,0.0,0.0,0.0,0.0,0.0,test_2,0
2026-09-15 09:28:44.799,335784,262280,3674828,0,2097152,22383.7,0.0,0.0,16.04,5998603.02,0.0,0.0,0.0,0.0,0.0,test_2,0
2026-09-15 09:28:45.450,276700,195532,3733912,0,2097152,12.61,0.0,0.0,0.0,0.0,0.0,0.0,0.0,0.0,0.0,test_2,0
2026-09-15 09:28:46.515,224240,143060,3786372,0,2097152,12018.76,0.0,0.0,2.58,0.0,0.0,0.0,0.0,0.0,0.0,test_2,0
2026-09-15 09:28:47.521,228524,147272,3782088,0,2097152,0.0,0.0,0.0,0.0,0.0,109958.83,0.0,0.0,0.0,0.0,test_2,0
2026-09-15 09:28:48.527,176012,94760,3834600,0,2097152,12728.65,0.0,0.0,2.49,0.0,0.0,0.0,0.0,0.0,0.0,test_2,0
2026-09-15 09:28:49.529,179508,98256,3831104,0,2097152,263.24,0.0,0.0,0.5,0.0,20421.34,0.0,0.0,0.0,0.0,test_2,0
2026-09-15 09:28:50.533,152336,69608,3858276,0,2097152,12751.96,0.0,0.0,3.5,0.0,7506596.11,0.0,0.0,0.0,0.0,test_2,0
2026-09-15 09:28:51.549,152336,69608,3858276,0,2097152,0.0,0.0,0.0,0.0,0.0,0.0,0.0,0.0,0.0,0.0,test_2,0
2026-09-15 09:28:52.555,154812,72084,3855800,0,2097152,0.0,0.0,0.0,0.25,0.0,0.0,0.0,0.0,0.0,0.0,test_2,0
2026-09-15 09:28:53.570,155328,72600,3855284,0,2097152,12.8,0.0,0.0,0.25,0.0,0.0,0.0,0.0,0.0,0.0,test_2,0
2026-09-15 09:28:54.586,157308,74580,3853304,0,2097152,0.0,0.0,0.0,0.0,0.0,0.0,0.0,0.0,0.0,0.0,test_2,0
2026-09-15 09:28:55.600,157308,74580,3853304,0,2097152,0.0,0.0,0.0,0.0,0.0,0.0,0.0,0.0,0.0,0.0,test_2,0
2026-09-15 09:28:56.613,158620,75892,3851992,0,2097152,0.0,0.0,0.0,0.0,0.0,0.0,0.0,0.0,0.0,0.0,test_2,0
2026-09-15 09:28:57.626,158624,75896,3851988,0,2097152,4.94,0.0,0.0,0.5,0.0,16184.77,0.0,0.0,0.0,0.0,test_2,0
2026-09-15 09:28:58.638,158664,75936,3851948,0,2097152,0.0,0.0,0.0,0.25,0.0,0.0,0.0,0.0,0.0,0.0,test_2,0
2026-09-15 09:28:59.647,158708,75980,3851904,0,2097152,0.0,0.0,0.0,0.0,0.0,0.0,0.0,0.0,0.0,0.0,test_2,0
2026-09-15 09:29:00.651,158748,76020,3851864,0,2097152,0.0,0.0,0.0,0.0,0.0,0.0,0.0,0.0,0.0,0.0,test_2,0
2026-09-15 09:29:01.663,158780,76052,3851832,0,2097152,0.0,0.0,0.0,0.0,0.0,0.0,0.0,0.0,0.0,0.0,test_2,0
2026-09-15 09:29:02.684,158808,76080,3851804,0,2097152,0.0,0.0,0.0,0.0,0.0,0.0,0.0,0.0,0.0,0.0,test_2,0
2026-09-15 09:29:03.687,158832,76104,3851780,0,2097152,0.0,0.0,0.0,0.0,0.0,16325.1,0.0,0.0,0.0,0.0,test_2,0
2026-09-15 09:29:04.691,158832,76104,3851780,0,2097152,0.0,0.0,0.0,0.0,0.0,0.0,0.0,0.0,0.0,0.0,test_2,0
2026-09-15 09:29:05.697,158392,75624,3852220,0,2097152,198.68,0.0,0.0,0.74,0.0,0.0,0.0,0.0,0.0,0.0,test_2,0
2026-09-15 09:29:06.757,151852,69196,3858760,0,2097152,0.0,0.0,0.0,0.24,0.0,0.0,0.0,0.0,0.0,0.0,test_2,0
2026-09-15 09:29:07.775,151852,69196,3858760,0,2097152,0.0,0.0,0.0,0.0,0.0,0.0,0.0,0.0,0.0,0.0,test_2,0
2026-09-15 09:29:08.804,151852,69196,3858760,0,2097152,0.0,0.0,0.0,0.0,0.0,0.0,0.0,0.0,0.0,0.0,test_2,0
2026-09-15 09:29:09.831,153544,70888,3857068,0,2097152,0.0,0.0,0.0,0.24,0.0,0.0,0.0,0.0,0.0,0.0,test_2,0
2026-09-15 09:29:10.859,153756,71100,3856856,0,2097152,0.0,0.0,0.0,0.0,0.0,0.0,0.0,0.0,0.0,0.0,test_2,0
2026-09-15 09:29:11.870,153756,71100,3856856,0,2097152,0.0,0.0,0.0,0.0,0.0,0.0,0.0,0.0,0.0,0.0,test_2,0
2026-09-15 09:29:12.877,153868,71100,3856744,0,2097152,0.0,0.0,0.0,0.25,0.0,4065.37,0.0,0.0,0.0,0.0,test_2,0
2026-09-15 09:29:13.390,157408,62668,3853204,0,2097152,0.0,0.0,0.0,2.44,0.0,0.0,0.0,0.0,0.0,0.0,test_2,0
2026-09-15 09:29:13.890,153868,71100,3856744,0,2097152,0.0,0.0,0.0,0.0,0.0,0.0,0.0,0.0,0.0,0.0,test_2,0
2026-09-15 09:29:14.397,157620,62880,3852992,0,2097152,0.0,0.0,0.0,0.25,0.0,0.0,0.0,0.0,0.0,0.0,test_2,0
2026-09-15 09:29:14.903,153868,71100,3856744,0,2097152,0.0,0.0,0.0,0.0,0.0,0.0,0.0,0.0,0.0,0.0,test_2,0
2026-09-15 09:29:15.424,157680,62936,3852932,0,2097152,0.0,0.0,0.0,0.24,0.0,7274587.52,0.0,0.0,0.0,0.0,test_2,0
2026-09-15 09:29:16.435,157872,63128,3852740,0,2097152,0.0,0.0,0.0,0.25,0.0,0.0,0.0,0.0,0.0,0.0,test_2,0
2026-09-15 09:29:17.441,158020,63276,3852592,0,2097152,0.0,0.0,0.0,0.0,0.0,48864.01,0.0,0.0,0.0,0.0,test_2,0
2026-09-15 09:29:18.443,158220,63476,3852392,0,2097152,0.0,0.0,0.0,0.0,0.0,0.0,0.0,0.0,0.0,0.0,test_2,0
2026-09-15 09:29:19.465,158388,63644,3852224,0,2097152,0.0,0.0,0.0,0.24,0.0,16035.71,0.0,0.0,0.0,0.0,test_2,0
2026-09-15 09:29:20.469,3503424,3408680,507188,0,2097152,57.74,0.0,0.0,11.0,0.0,0.0,0.0,0.0,0.0,0.0,test_2,0
2026-09-15 09:29:21.473,3503512,3408768,507100,0,2097152,0.0,0.0,0.0,0.76,0.0,0.0,0.0,0.0,0.0,0.0,test_2,0
2026-09-15 09:29:22.490,3503612,3408868,507000,0,2097152,0.0,0.0,0.0,0.25,0.0,0.0,0.0,0.0,0.0,0.0,test_2,0
2026-09-15 09:29:23.507,3503680,3408936,506932,0,2097152,0.0,0.0,0.0,0.5,0.0,0.0,0.0,0.0,0.0,0.0,test_2,0
2026-09-15 09:29:24.519,3503800,3409056,506812,0,2097152,0.0,0.0,0.0,0.0,0.0,0.0,0.0,0.0,0.0,0.0,test_2,0
2026-09-15 09:29:25.528,3503944,3409200,506668,0,2097152,0.0,0.0,0.0,0.25,0.0,0.0,0.0,0.0,0.0,0.0,test_2,0
2026-09-15 09:29:26.548,3504068,3409324,506544,0,2097152,0.0,0.0,0.0,0.24,0.0,0.0,0.0,0.0,0.0,0.0,test_2,0
2026-09-15 09:29:27.564,3504140,3409396,506472,0,2097152,0.0,0.0,0.0,0.25,0.0,0.0,0.0,0.0,0.0,0.0,test_2,0
2026-09-15 09:29:28.580,3504200,3409456,506412,0,2097152,0.0,0.0,0.0,0.0,0.0,0.0,0.0,0.0,0.0,0.0,test_2,0
2026-09-15 09:29:29.586,3373196,3278452,637416,0,2097152,0.0,0.0,0.0,0.25,0.0,0.0,0.0,0.0,0.0,0.0,test_2,0
2026-09-15 09:29:30.627,3504324,3409580,506288,0,2097152,0.0,0.0,0.0,0.24,0.0,0.0,0.0,0.0,0.0,0.0,test_2,0
2026-09-15 09:29:31.655,3373252,3278508,637360,0,2097152,0.0,0.0,0.0,0.24,0.0,0.0,0.0,0.0,0.0,0.0,test_2,0
2026-09-15 09:29:32.703,3504352,3409608,506260,0,2097152,0.0,0.0,0.0,0.24,0.0,0.0,0.0,0.0,0.0,0.0,test_2,0
2026-09-15 09:29:33.706,3508832,3415000,501780,0,2097152,0.0,0.0,0.0,3.99,0.0,0.0,0.0,0.0,0.0,0.0,test_2,0
2026-09-15 09:29:34.719,3508588,3413896,502024,0,2097152,0.0,0.0,0.0,4.02,0.0,0.0,0.0,0.0,0.0,0.0,test_2,0
2026-09-15 09:29:35.729,3508588,3413896,502024,0,2097152,0.0,0.0,0.0,0.0,0.0,0.0,0.0,0.0,0.0,0.0,test_2,0
2026-09-15 09:29:36.809,3508588,3413896,502024,0,2097152,0.0,0.0,0.0,0.47,0.0,0.0,0.0,0.0,0.0,0.0,test_2,0
2026-09-15 09:29:37.817,3377516,3282824,633096,0,2097152,0.0,0.0,0.0,0.0,0.0,0.0,0.0,0.0,0.0,0.0,test_2,0
2026-09-15 09:29:38.829,3508588,3413896,502024,0,2097152,0.0,0.0,0.0,0.25,0.0,0.0,0.0,0.0,0.0,0.0,test_2,0
2026-09-15 09:29:39.832,3508588,3413896,502024,0,2097152,0.0,0.0,0.0,0.0,0.0,0.0,0.0,0.0,0.0,0.0,test_2,0
2026-09-15 09:29:40.860,3508588,3413896,502024,0,2097152,0.0,0.0,0.0,0.0,0.0,0.0,0.0,0.0,0.0,0.0,test_2,0
2026-09-15 09:29:41.888,3508588,3413896,502024,0,2097152,0.0,0.0,0.0,0.0,0.0,0.0,0.0,0.0,0.0,0.0,test_2,0
2026-09-15 09:29:42.915,3508588,3413896,502024,0,2097152,16.55,0.0,0.0,0.24,0.0,0.0,0.0,0.0,0.0,0.0,test_2,0
2026-09-15 09:29:43.505,3508600,3413908,502012,0,2097152,0.0,0.0,0.0,0.5,0.0,0.0,0.0,0.0,0.0,0.0,test_2,0
2026-09-15 09:29:43.954,3508600,3413908,502012,0,2097152,0.0,0.0,0.0,0.0,0.0,7889.62,0.0,0.0,0.0,0.0,test_2,0
2026-09-15 09:29:44.568,3508588,3413896,502024,0,2097152,0.0,0.0,0.0,0.0,0.0,0.0,0.0,0.0,0.0,0.0,test_2,0
2026-09-15 09:29:44.981,3508600,3413908,502012,0,2097152,0.0,0.0,0.0,0.0,0.0,0.0,0.0,0.0,0.0,0.0,test_2,0
2026-09-15 09:29:45.649,3508588,3413896,502024,0,2097152,0.0,0.0,0.0,0.0,0.0,0.0,0.0,0.0,0.0,0.0,test_2,0
2026-09-15 09:29:46.654,3508588,3413896,502024,0,2097152,0.0,0.0,0.0,0.0,0.0,36673.88,0.0,0.0,0.0,0.0,test_2,0
2026-09-15 09:29:47.660,3508664,3413896,501948,0,2097152,0.0,0.0,0.0,0.25,0.0,28501.79,0.0,0.0,0.0,0.0,test_2,0
2026-09-15 09:29:48.678,3508664,3413896,501948,0,2097152,0.0,0.0,0.0,0.0,0.0,0.0,0.0,0.0,0.0,0.0,test_2,0
2026-09-15 09:29:49.707,3508664,3413896,501948,0,2097152,0.0,0.0,0.0,0.0,0.0,0.0,0.0,0.0,0.0,0.0,test_2,0
2026-09-15 09:29:50.711,3508664,3413896,501948,0,2097152,0.0,0.0,0.0,0.0,0.0,0.0,0.0,0.0,0.0,0.0,test_2,0
2026-09-15 09:29:51.714,3508664,3413896,501948,0,2097152,0.0,0.0,0.0,0.0,0.0,0.0,0.0,0.0,0.0,0.0,test_2,0
2026-09-15 09:29:52.738,3508664,3413896,501948,0,2097152,0.0,0.0,0.0,0.0,0.0,0.0,0.0,0.0,0.0,0.0,test_2,0
2026-09-15 09:29:53.767,3508664,3413896,501948,0,2097152,0.0,0.0,0.0,0.0,0.0,0.0,0.0,0.0,0.0,0.0,test_2,0
2026-09-15 09:29:54.777,3508664,3413896,501948,0,2097152,0.0,0.0,0.0,0.0,0.0,0.0,0.0,0.0,0.0,0.0,test_2,0
2026-09-15 09:29:55.804,3508664,3413896,501948,0,2097152,0.0,0.0,0.0,0.0,0.0,0.0,0.0,0.0,0.0,0.0,test_2,0
2026-09-15 09:29:56.827,3508664,3413896,501948,0,2097152,0.0,0.0,0.0,0.0,0.0,0.0,0.0,0.0,0.0,0.0,test_2,0
2026-09-15 09:29:57.830,3508664,3413896,501948,0,2097152,0.0,0.0,0.0,0.0,0.0,0.0,0.0,0.0,0.0,0.0,test_2,0
2026-09-15 09:29:58.837,3508664,3413896,501948,0,2097152,0.0,0.0,0.0,0.0,0.0,0.0,0.0,0.0,0.0,0.0,test_2,0
2026-09-15 09:29:59.853,3508664,3413896,501948,0,2097152,0.0,0.0,0.0,0.0,0.0,0.0,0.0,0.0,0.0,0.0,test_2,0
2026-09-15 09:30:00.855,3508664,3413896,501948,0,2097152,0.0,0.0,0.0,0.0,0.0,0.0,0.0,0.0,0.0,0.0,test_2,0
2026-09-15 09:30:01.875,3508664,3413896,501948,0,2097152,0.0,0.0,0.0,0.0,0.0,0.0,0.0,0.0,0.0,0.0,test_2,0
2026-09-15 09:30:02.895,3508664,3413896,501948,0,2097152,0.0,0.0,0.0,0.25,0.0,0.0,0.0,0.0,0.0,0.0,test_2,0
2026-09-15 09:30:03.906,3508664,3413896,501948,0,2097152,0.0,0.0,0.0,0.0,0.0,0.0,0.0,0.0,0.0,0.0,test_2,0
2026-09-15 09:30:04.921,3508664,3413896,501948,0,2097152,0.0,0.0,0.0,0.0,0.0,0.0,0.0,0.0,0.0,0.0,test_2,0
2026-09-15 09:30:05.932,3508664,3413896,501948,0,2097152,0.0,0.0,0.0,0.25,0.0,0.0,0.0,0.0,0.0,0.0,test_2,0
2026-09-15 09:30:06.938,3508664,3413896,501948,0,2097152,0.0,0.0,0.0,0.0,0.0,0.0,0.0,0.0,0.0,0.0,test_2,0
2026-09-15 09:30:07.942,3508664,3413896,501948,0,2097152,0.0,0.0,0.0,0.0,0.0,0.0,0.0,0.0,0.0,0.0,test_2,0
2026-09-15 09:30:08.963,3508664,3413896,501948,0,2097152,0.0,0.0,0.0,0.24,0.0,0.0,0.0,0.0,0.0,0.0,test_2,0
2026-09-15 09:30:09.983,3508664,3413896,501948,0,2097152,0.0,0.0,0.0,0.0,0.0,0.0,0.0,0.0,0.0,0.0,test_2,0
2026-09-15 09:30:10.988,3508664,3413896,501948,0,2097152,0.0,0.0,0.0,0.5,0.0,73420.44,0.0,0.0,0.0,0.0,test_2,0
2026-09-15 09:30:12.002,3508664,3413896,501948,0,2097152,0.0,0.0,0.0,0.0,0.0,0.0,0.0,0.0,0.0,0.0,test_2,0
2026-09-15 09:33:06.496,3520760,3425928,489852,0,2097152,2.96,0.0,0.0,0.0,0.0,0.0,0.0,0.0,0.0,0.0,test_3_pressure,0
2026-09-15 09:33:07.528,3520760,3425928,489852,0,2097152,0.97,0.0,0.0,0.24,0.0,0.0,0.0,0.0,0.0,0.0,test_3_pressure,0
2026-09-15 09:33:08.531,3520760,3425928,489852,0,2097152,1.0,0.0,0.0,0.0,0.0,0.0,0.0,0.0,0.0,0.0,test_3_pressure,0
2026-09-15 09:33:09.548,3520760,3425928,489852,0,2097152,0.0,0.0,0.0,0.25,0.0,0.0,0.0,0.0,0.0,0.0,test_3_pressure,0
2026-09-15 09:33:10.577,3520760,3425928,489852,0,2097152,0.0,0.0,0.0,0.24,0.0,0.0,0.0,0.0,0.0,0.0,test_3_pressure,0
2026-09-15 09:33:11.584,3520760,3425928,489852,0,2097152,0.0,0.0,0.0,0.0,0.0,0.0,0.0,0.0,0.0,0.0,test_3_pressure,0
2026-09-15 09:33:12.592,3520760,3425928,489852,0,2097152,0.0,0.0,0.0,0.25,0.0,0.0,0.0,0.0,0.0,0.0,test_3_pressure,0
2026-09-15 09:33:13.620,3520760,3425928,489852,0,2097152,0.97,0.0,0.0,0.0,0.0,0.0,0.0,0.0,0.0,0.0,test_3_pressure,0
2026-09-15 09:33:14.159,3520760,3425928,489852,0,2097152,0.0,0.0,0.0,0.74,0.0,0.0,0.0,0.0,0.0,0.0,test_3_pressure,0
2026-09-15 09:33:14.648,3520760,3425928,489852,0,2097152,0.0,0.0,0.0,0.24,0.0,23913.43,0.0,0.0,0.0,0.0,test_3_pressure,0
2026-09-15 09:33:15.205,3520228,3425396,490384,0,2097152,572.56,0.0,0.0,0.24,0.0,0.0,0.0,0.0,0.0,0.0,test_3_pressure,0
2026-09-15 09:33:15.651,3520760,3425928,489852,0,2097152,0.0,0.0,0.0,0.0,0.0,0.0,0.0,0.0,0.0,0.0,test_3_pressure,0
2026-09-15 09:33:16.285,3464012,3369180,546600,0,2097152,12380.79,0.0,0.0,3.0,0.0,0.0,0.0,0.0,0.0,0.0,test_3_pressure,0
2026-09-15 09:33:17.314,3415612,3320772,595000,0,2097152,12441.84,0.0,0.0,2.44,0.0,0.0,0.0,0.0,0.0,0.0,test_3_pressure,0
2026-09-15 09:33:18.316,3367228,3272388,643384,0,2097152,12769.84,0.0,0.0,2.24,0.0,4086.03,0.0,0.0,0.0,0.0,test_3_pressure,0
2026-09-15 09:33:19.344,3310780,3215940,699832,0,2097152,12454.39,0.0,0.0,2.68,0.0,19923.91,0.0,0.0,0.0,0.0,test_3_pressure,0
2026-09-15 09:33:20.389,3262012,3167172,748600,0,2097152,12254.92,0.0,0.0,2.39,0.0,0.0,0.0,0.0,0.0,0.0,test_3_pressure,0
2026-09-15 09:33:21.392,3205564,3110724,805048,0,2097152,12761.96,0.0,0.0,2.24,0.0,0.0,0.0,0.0,0.0,0.0,test_3_pressure,0
2026-09-15 09:33:22.420,3157180,3062340,853432,0,2097152,12452.78,0.0,0.0,2.2,0.0,0.0,0.0,0.0,0.0,0.0,test_3_pressure,0
2026-09-15 09:33:23.440,3108844,3014004,901768,0,2097152,12553.9,0.0,0.0,2.45,0.0,0.0,0.0,0.0,0.0,0.0,test_3_pressure,0
2026-09-15 09:33:24.452,3052060,2957220,958552,0,2097152,12646.2,0.0,0.0,2.48,0.0,0.0,0.0,0.0,0.0,0.0,test_3_pressure,0
2026-09-15 09:33:25.499,3003716,2908876,1006896,0,2097152,12221.42,0.0,0.0,1.91,0.0,0.0,0.0,0.0,0.0,0.0,test_3_pressure,0
2026-09-15 09:33:26.516,2995760,2900920,1014852,0,2097152,2917.52,0.0,0.0,0.74,0.0,0.0,0.0,0.0,0.0,0.0,test_3_pressure,0
2026-09-15 09:33:27.597,2955368,2860528,1055244,0,2097152,9099.05,0.0,0.0,2.08,0.0,0.0,0.0,0.0,0.0,0.0,test_3_pressure,0
2026-09-15 09:33:28.627,2898536,2803696,1112076,0,2097152,12430.68,0.0,0.0,2.19,0.0,19887.53,0.0,0.0,0.0,0.0,test_3_pressure,0
2026-09-15 09:33:29.671,2850152,2755312,1160460,0,2097152,12266.14,0.0,0.0,2.63,0.0,0.0,0.0,0.0,0.0,0.0,test_3_pressure,0
2026-09-15 09:33:30.674,2801768,2706928,1208844,0,2097152,12759.94,0.0,0.0,2.74,0.0,0.0,0.0,0.0,0.0,0.0,test_3_pressure,0
2026-09-15 09:33:31.678,2745320,2650480,1265292,0,2097152,12750.21,0.0,0.0,2.25,0.0,0.0,0.0,0.0,0.0,0.0,test_3_pressure,0
2026-09-15 09:33:32.683,2696552,2601712,1314060,0,2097152,12732.27,0.0,0.0,2.49,0.0,0.0,0.0,0.0,0.0,0.0,test_3_pressure,0
2026-09-15 09:33:33.706,2648168,2553328,1362444,0,2097152,12520.25,0.0,0.0,2.44,0.0,0.0,0.0,0.0,0.0,0.0,test_3_pressure,0
2026-09-15 09:33:34.711,2591732,2496892,1418880,0,2097152,12734.56,0.0,0.0,2.24,0.0,73333.85,0.0,0.0,0.0,0.0,test_3_pressure,0
2026-09-15 09:33:35.736,2543380,2448540,1467232,0,2097152,12490.29,0.0,0.0,1.96,0.0,0.0,0.0,0.0,0.0,0.0,test_3_pressure,0
2026-09-15 09:33:36.751,2494612,2399772,1516000,0,2097152,12621.81,0.0,0.0,3.19,0.0,0.0,0.0,0.0,0.0,0.0,test_3_pressure,0
2026-09-15 09:33:37.758,2438164,2343324,1572448,0,2097152,12705.69,0.0,0.0,2.23,0.0,0.0,0.0,0.0,0.0,0.0,test_3_pressure,0
2026-09-15 09:33:38.761,2422180,2327340,1588432,0,2097152,4655.87,0.0,0.0,0.75,0.0,0.0,0.0,0.0,0.0,0.0,test_3_pressure,0
2026-09-15 09:33:39.776,2389780,2294940,1620832,0,2097152,8014.74,0.0,0.0,1.48,0.0,0.0,0.0,0.0,0.0,0.0,test_3_pressure,0
2026-09-15 09:33:40.806,2341648,2246808,1668964,0,2097152,12428.57,0.0,0.0,2.43,0.0,0.0,0.0,0.0,0.0,0.0,test_3_pressure,0
2026-09-15 09:33:41.840,2285200,2190360,1725412,0,2097152,12376.59,0.0,0.0,2.42,0.0,0.0,0.0,0.0,0.0,0.0,test_3_pressure,0
2026-09-15 09:33:42.869,2236432,2141592,1774180,0,2097152,12444.99,0.0,0.0,1.95,0.0,0.0,0.0,0.0,0.0,0.0,test_3_pressure,0
2026-09-15 09:33:43.894,2186560,2091672,1824052,0,2097152,12478.89,0.0,0.0,2.2,0.0,0.0,0.0,0.0,0.0,0.0,test_3_pressure,0
2026-09-15 09:33:44.510,2026288,1931400,1984324,0,2097152,0.0,0.0,0.0,2.25,0.0,0.0,0.0,0.0,0.0,0.0,test_3_pressure,0
2026-09-15 09:33:44.908,2130112,2035224,1880500,0,2097152,12629.67,0.0,0.0,2.22,0.0,0.0,0.0,0.0,0.0,0.0,test_3_pressure,0
2026-09-15 09:33:45.540,1977904,1883016,2032708,0,2097152,12438.29,0.0,0.0,1.94,0.0,0.0,0.0,0.0,0.0,0.0,test_3_pressure,0
2026-09-15 09:33:45.932,2081728,1986840,1928884,0,2097152,12497.54,0.0,0.0,2.19,0.0,0.0,0.0,0.0,0.0,0.0,test_3_pressure,0
2026-09-15 09:33:46.558,1929520,1834632,2081092,0,2097152,12575.74,0.0,0.0,1.97,0.0,0.0,0.0,0.0,0.0,0.0,test_3_pressure,0
2026-09-15 09:33:47.561,1873080,1778184,2137532,0,2097152,12752.94,0.0,0.0,2.0,0.0,12241.87,0.0,0.0,0.0,0.0,test_3_pressure,0
2026-09-15 09:33:48.565,1816632,1721736,2193980,0,2097152,12756.23,0.0,0.0,2.24,0.0,0.0,0.0,0.0,0.0,0.0,test_3_pressure,0
2026-09-15 09:33:49.568,1808640,1713744,2201972,0,2097152,2399.36,0.0,0.0,0.25,0.0,16338.75,0.0,0.0,0.0,0.0,test_3_pressure,0
2026-09-15 09:33:50.572,1768248,1673352,2242364,0,2097152,10344.78,0.0,0.0,1.74,0.0,0.0,0.0,0.0,0.0,0.0,test_3_pressure,0
2026-09-15 09:33:51.596,1711808,1616904,2298804,0,2097152,12509.25,0.0,0.0,2.2,0.0,4002.65,0.0,0.0,0.0,0.0,test_3_pressure,0
2026-09-15 09:33:52.600,1663436,1568532,2347176,0,2097152,12748.91,0.0,0.0,2.0,0.0,0.0,0.0,0.0,0.0,0.0,test_3_pressure,0
2026-09-15 09:33:53.660,1615096,1520192,2395516,0,2097152,12079.46,0.0,0.0,2.36,0.0,0.0,0.0,0.0,0.0,0.0,test_3_pressure,0
2026-09-15 09:33:54.666,1558720,1463816,2451892,0,2097152,12715.76,0.0,0.0,1.99,0.0,0.0,0.0,0.0,0.0,0.0,test_3_pressure,0
2026-09-15 09:33:55.691,1510336,1415432,2500276,0,2097152,12488.4,0.0,0.0,2.2,0.0,0.0,0.0,0.0,0.0,0.0,test_3_pressure,0
2026-09-15 09:33:56.721,1461980,1367076,2548632,0,2097152,12434.63,0.0,0.0,2.18,0.0,0.0,0.0,0.0,0.0,0.0,test_3_pressure,0
2026-09-15 09:33:57.750,1405532,1310628,2605080,0,2097152,12437.42,0.0,0.0,2.19,0.0,0.0,0.0,0.0,0.0,0.0,test_3_pressure,0
2026-09-15 09:33:58.779,1356960,1262056,2653652,0,2097152,12442.56,0.0,0.0,2.18,0.0,0.0,0.0,0.0,0.0,0.0,test_3_pressure,0
2026-09-15 09:33:59.786,1308576,1213672,2702036,0,2097152,12706.98,0.0,0.0,1.99,0.0,0.0,0.0,0.0,0.0,0.0,test_3_pressure,0
2026-09-15 09:34:00.853,1252128,1157224,2758484,0,2097152,12000.98,0.0,0.0,2.34,0.0,0.0,0.0,0.0,0.0,0.0,test_3_pressure,0
2026-09-15 09:34:01.861,1203744,1108840,2806868,0,2097152,12695.85,0.0,0.0,2.23,0.0,0.0,0.0,0.0,0.0,0.0,test_3_pressure,0
2026-09-15 09:34:02.868,1163488,1068584,2847124,0,2097152,9988.57,0.0,0.0,1.49,0.0,0.0,0.0,0.0,0.0,0.0,test_3_pressure,0
2026-09-15 09:34:03.885,1147296,1052392,2863316,0,2097152,2696.28,0.0,0.0,0.49,0.0,0.0,0.0,0.0,0.0,0.0,test_3_pressure,0
2026-09-15 09:34:04.890,1098912,1004008,2911700,0,2097152,12740.62,0.0,0.0,2.24,0.0,0.0,0.0,0.0,0.0,0.0,test_3_pressure,0
2026-09-15 09:34:05.906,1050528,955624,2960084,0,2097152,12604.78,0.0,0.0,2.46,0.0,0.0,0.0,0.0,0.0,0.0,test_3_pressure,0
2026-09-15 09:34:06.932,994080,899176,3016532,0,2097152,12470.88,0.0,0.0,2.69,0.0,0.0,0.0,0.0,0.0,0.0,test_3_pressure,0
2026-09-15 09:34:07.953,945696,850792,3064916,0,2097152,12536.34,0.0,0.0,2.69,0.0,0.0,0.0,0.0,0.0,0.0,test_3_pressure,0
2026-09-15 09:34:08.958,897312,802408,3113300,0,2097152,12739.67,0.0,0.0,2.24,0.0,0.0,0.0,0.0,0.0,0.0,test_3_pressure,0
2026-09-15 09:34:10.008,840864,745960,3169748,0,2097152,12196.35,0.0,0.0,2.15,0.0,0.0,0.0,0.0,0.0,0.0,test_3_pressure,0
2026-09-15 09:34:11.048,792480,697576,3218132,0,2097152,12310.43,0.0,0.0,2.64,0.0,0.0,0.0,0.0,0.0,0.0,test_3_pressure,0
2026-09-15 09:34:12.073,735520,640616,3275092,0,2097152,12480.96,0.0,0.0,1.72,0.0,0.0,0.0,0.0,0.0,0.0,test_3_pressure,0
2026-09-15 09:34:13.080,679072,584168,3331540,0,2097152,12719.34,0.0,0.0,2.49,0.0,0.0,0.0,0.0,0.0,0.0,test_3_pressure,0
2026-09-15 09:34:14.085,630688,535784,3379924,0,2097152,12738.74,0.0,0.0,2.24,0.0,0.0,0.0,0.0,0.0,0.0,test_3_pressure,0
2026-09-15 09:34:14.726,524968,430064,3485644,0,2097152,0.0,0.0,0.0,1.87,0.0,0.0,0.0,0.0,0.0,0.0,test_3_pressure,0
2026-09-15 09:34:15.113,582304,487400,3428308,0,2097152,12446.12,0.0,0.0,2.18,0.0,0.0,0.0,0.0,0.0,0.0,test_3_pressure,0
2026-09-15 09:34:15.754,478480,383576,3532132,0,2097152,10722.68,0.0,0.0,2.18,0.0,27880.71,0.0,0.0,0.0,0.0,test_3_pressure,0
2026-09-15 09:34:16.132,558180,463276,3452432,0,2097152,5524.79,0.0,0.0,0.98,0.0,0.0,0.0,0.0,0.0,0.0,test_3_pressure,0
2026-09-15 09:34:16.782,430096,335192,3580516,0,2097152,12456.57,0.0,0.0,2.18,0.0,0.0,0.0,0.0,0.0,0.0,test_3_pressure,0
2026-09-15 09:34:17.786,373648,278744,3636964,0,2097152,12744.65,0.0,0.0,2.0,0.0,0.0,0.0,0.0,0.0,0.0,test_3_pressure,0
2026-09-15 09:34:18.804,326272,231368,3684340,0,2097152,12588.88,0.0,0.0,2.46,0.0,0.0,0.0,0.0,0.0,0.0,test_3_pressure,0
2026-09-15 09:34:19.823,269824,174920,3740788,0,2097152,12560.88,0.0,0.0,2.21,0.0,24115.01,0.0,0.0,0.0,0.0,test_3_pressure,1
2026-09-15 09:34:20.832,221440,126536,3789172,0,2097152,12685.39,0.0,0.0,2.23,0.0,0.0,0.0,0.0,0.0,0.0,test_3_pressure,1
2026-09-15 09:34:21.841,173056,78152,3837556,0,2097152,12686.21,0.0,0.0,2.23,0.0,0.0,0.0,0.0,0.0,0.0,test_3_pressure,1
2026-09-15 09:34:22.855,150236,79844,3860376,0,2097152,96918.94,0.0,0.0,13.55,0.0,0.0,0.0,0.0,0.0,0.0,test_3_pressure,1
2026-09-15 09:34:23.862,133520,63200,3877092,0,2097152,118501.52,0.0,0.0,12.35,0.0,0.0,0.0,0.0,0.0,0.0,test_3_pressure,1
2026-09-15 09:34:24.880,112760,73504,3897852,420,2097152,113225.29,0.0,103.16,19.04,5826913.31,466796.92,0.0,0.0,0.0,0.0,test_3_pressure,0
2026-09-15 09:34:25.894,137568,101640,3873044,456,2097152,101011.27,0.0,8.87,12.44,500722.48,36342.76,0.36,0.06,0.36,0.06,test_3_pressure,0
2026-09-15 09:34:26.903,104896,67488,3905716,456,2097152,137010.68,0.0,0.0,14.99,1640709.5,0.0,0.36,0.06,0.36,0.06,test_3_pressure,0
2026-09-15 09:34:27.909,138336,101652,3872276,460,2097152,79193.95,0.0,0.99,8.21,0.0,4073.11,0.29,0.06,0.29,0.06,test_3_pressure,0
2026-09-15 09:34:28.914,97868,73024,3912744,464,2097152,153014.71,0.0,0.99,16.71,0.0,4072.36,0.29,0.06,0.29,0.06,test_3_pressure,0
2026-09-15 09:34:29.918,97908,73196,3912704,464,2097152,63499.1,0.0,0.0,7.21,0.0,0.0,0.29,0.06,0.29,0.06,test_3_pressure,0
2026-09-15 09:34:30.954,92032,98392,3918580,700,2097152,135836.61,0.0,56.92,22.06,0.0,233126.81,0.24,0.06,0.24,0.06,test_3_pressure,0
2026-09-15 09:34:31.958,91760,98336,3918852,700,2097152,76548.07,0.0,0.0,8.44,0.0,0.0,0.24,0.06,0.24,0.06,test_3_pressure,0
2026-09-15 09:34:32.961,98272,104328,3912340,700,2097152,172482.6,0.0,0.0,17.66,1241703.99,0.0,0.37,0.09,0.37,0.09,test_3_pressure,0
2026-09-15 09:34:34.021,81196,86724,3929416,700,2097152,42126.77,0.0,0.0,5.63,981436.78,0.0,0.37,0.09,0.37,0.09,test_3_pressure,0
2026-09-15 09:34:35.023,89072,94600,3921540,700,2097152,206529.24,0.0,0.0,21.25,0.0,0.0,0.31,0.08,0.31,0.08,test_3_pressure,0
2026-09-15 09:34:36.040,85364,90892,3925248,700,2097152,10398.57,0.0,0.0,1.71,0.0,0.0,0.31,0.08,0.31,0.08,test_3_pressure,0
2026-09-15 09:34:37.046,86344,91872,3924268,700,2097152,216222.99,0.0,0.0,23.57,0.0,0.0,0.25,0.08,0.25,0.08,test_3_pressure,0
2026-09-15 09:34:38.055,86344,91872,3924268,700,2097152,625.72,0.0,0.0,0.0,0.0,0.0,0.25,0.08,0.25,0.08,test_3_pressure,0
2026-09-15 09:34:39.083,90012,95540,3920600,700,2097152,209990.81,0.0,0.0,25.42,0.0,0.0,0.2,0.08,0.2,0.08,test_3_pressure,0
2026-09-15 09:34:40.111,86088,91616,3924524,700,2097152,3622.33,0.0,0.0,0.97,0.0,0.0,0.2,0.08,0.2,0.08,test_3_pressure,0
2026-09-15 09:34:41.117,86556,92084,3924056,700,2097152,213567.45,0.0,0.0,24.07,0.0,0.0,0.16,0.07,0.16,0.07,test_3_pressure,0
2026-09-15 09:34:42.120,86556,92084,3924056,700,2097152,4060.3,0.0,0.0,0.75,0.0,0.0,0.16,0.07,0.16,0.07,test_3_pressure,0
2026-09-15 09:34:43.123,54852,61280,3955760,700,2097152,212992.11,0.0,0.0,25.74,0.0,0.0,0.13,0.07,0.13,0.07,test_3_pressure,0
2026-09-15 09:34:44.146,86812,93240,3923800,700,2097152,3903.76,0.0,0.0,0.73,0.0,0.0,0.13,0.07,0.13,0.07,test_3_pressure,0
2026-09-15 09:34:44.665,86392,85772,3924220,700,2097152,0.0,0.0,0.0,22.44,0.0,0.0,0.11,0.07,0.11,0.07,test_3_pressure,0
2026-09-15 09:34:45.149,70808,77236,3939804,700,2097152,212993.61,0.0,0.0,24.07,0.0,0.0,0.11,0.07,0.11,0.07,test_3_pressure,0
2026-09-15 09:34:45.673,72904,72284,3937708,700,2097152,25415.36,0.0,0.0,2.24,0.0,0.0,0.09,0.07,0.09,0.07,test_3_pressure,0
2026-09-15 09:34:46.155,72232,77584,3938380,700,2097152,12745.14,0.0,0.0,1.5,2399579.54,0.0,0.11,0.07,0.11,0.07,test_3_pressure,0
2026-09-15 09:34:46.675,96196,106232,3914416,1380,2097152,191567.72,0.0,167.61,25.06,0.0,686525.08,0.09,0.07,0.09,0.07,test_3_pressure,0
2026-09-15 09:34:47.677,98704,108828,3911908,1380,2097152,26764.09,0.0,0.0,2.99,0.0,0.0,0.07,0.06,0.07,0.06,test_3_pressure,0
2026-09-15 09:34:48.693,106940,117064,3903672,1380,2097152,187790.88,0.0,0.0,21.57,0.0,0.0,0.07,0.06,0.07,0.06,test_3_pressure,0
2026-09-15 09:34:49.708,99476,109600,3911136,1380,2097152,43864.96,0.0,0.0,4.9,4035.1,24210.6,0.06,0.06,0.06,0.06,test_3_pressure,0
2026-09-15 09:34:50.711,103688,113812,3906924,1380,2097152,172638.88,0.0,0.0,17.0,0.0,0.0,0.06,0.06,0.06,0.06,test_3_pressure,0
2026-09-15 09:34:51.723,103288,113412,3907324,1380,2097152,70316.31,0.0,0.0,7.16,0.0,0.0,0.05,0.06,0.05,0.06,test_3_pressure,0
2026-09-15 09:34:52.731,109936,120060,3900676,1380,2097152,145304.68,0.0,0.0,16.34,0.0,0.0,0.05,0.06,0.05,0.06,test_3_pressure,0
2026-09-15 09:34:53.737,102068,112192,3908544,1380,2097152,65827.59,0.0,0.0,7.69,0.0,0.0,0.04,0.06,0.04,0.06,test_3_pressure,0
2026-09-15 09:34:54.741,104672,114796,3905940,1380,2097152,150797.55,0.0,0.0,15.71,0.0,0.0,0.04,0.06,0.04,0.06,test_3_pressure,0
2026-09-15 09:34:55.743,96628,106752,3913984,1380,2097152,80241.7,0.0,0.0,8.0,0.0,0.0,0.03,0.05,0.03,0.05,test_3_pressure,0
2026-09-15 09:34:56.766,97696,107820,3912916,1380,2097152,134097.85,0.0,0.0,16.34,0.0,0.0,0.03,0.05,0.03,0.05,test_3_pressure,0
2026-09-15 09:34:57.769,100676,110800,3909936,1380,2097152,66299.37,0.0,0.0,8.25,0.0,0.0,0.03,0.05,0.03,0.05,test_3_pressure,0
2026-09-15 09:34:58.778,100492,110616,3910120,1380,2097152,149790.13,0.0,0.0,18.86,0.0,0.0,0.02,0.05,0.02,0.05,test_3_pressure,0
2026-09-15 09:34:59.792,107232,117356,3903380,1380,2097152,0.0,0.0,0.0,0.0,0.0,0.0,0.02,0.05,0.02,0.05,test_3_pressure,0
2026-09-15 09:35:00.801,113280,123404,3897332,1380,2097152,0.0,0.0,0.0,0.25,0.0,0.0,0.02,0.05,0.02,0.05,test_3_pressure,0
2026-09-15 09:35:01.829,113280,123404,3897332,1380,2097152,0.0,0.0,0.0,0.24,0.0,0.0,0.02,0.05,0.02,0.05,test_3_pressure,0
2026-09-15 09:35:02.842,118444,128568,3892168,1380,2097152,0.0,0.0,0.0,0.0,0.0,0.0,0.01,0.05,0.01,0.05,test_3_pressure,0
2026-09-15 09:35:03.852,117824,127940,3892788,1380,2097152,198.91,0.0,0.0,0.74,0.0,0.0,0.01,0.05,0.01,0.05,test_3_pressure,0
2026-09-15 09:35:04.874,122480,132596,3888132,1380,2097152,0.0,0.0,0.0,0.0,0.0,0.0,0.01,0.05,0.01,0.05,test_3_pressure,0
2026-09-15 09:35:05.895,122352,132468,3888260,1380,2097152,0.0,0.0,0.0,0.25,0.0,0.0,0.01,0.05,0.01,0.05,test_3_pressure,0
2026-09-15 09:35:06.914,121184,131304,3889428,1380,2097152,0.0,0.0,0.0,0.98,0.0,0.0,0.01,0.04,0.01,0.04,test_3_pressure,0
2026-09-15 09:35:07.931,121184,131304,3889428,1380,2097152,0.0,0.0,0.0,0.0,0.0,0.0,0.01,0.04,0.01,0.04,test_3_pressure,0
2026-09-15 09:35:08.949,124752,134872,3885860,1380,2097152,0.0,0.0,0.0,0.25,0.0,0.0,0.0,0.04,0.0,0.04,test_3_pressure,0
2026-09-15 09:35:09.958,124752,134872,3885860,1380,2097152,0.0,0.0,0.0,0.0,0.0,0.0,0.0,0.04,0.0,0.04,test_3_pressure,0
2026-09-15 09:35:10.970,127876,137996,3882736,1380,2097152,0.0,0.0,0.0,0.0,0.0,0.0,0.0,0.04,0.0,0.04,test_3_pressure,0
2026-09-15 09:35:11.978,127876,137996,3882736,1380,2097152,0.0,0.0,0.0,0.0,0.0,0.0,0.0,0.04,0.0,0.04,test_3_pressure,0
2026-09-15 09:35:12.982,130608,140728,3880004,1380,2097152,0.0,0.0,0.0,0.25,0.0,0.0,0.0,0.04,0.0,0.04,test_3_pressure,0
2026-09-15 09:35:14.000,133000,143120,3877612,1380,2097152,0.0,0.0,0.0,0.25,0.0,0.0,0.0,0.04,0.0,0.04,test_3_pressure,0
2026-09-15 09:35:14.541,129904,113160,3880708,1380,2097152,0.0,0.0,0.0,2.24,0.0,0.0,0.0,0.04,0.0,0.04,test_3_pressure,0
2026-09-15 09:35:15.017,135092,145212,3875520,1380,2097152,0.0,0.0,0.0,0.0,0.0,28199.45,0.0,0.04,0.0,0.04,test_3_pressure,0
2026-09-15 09:35:15.554,129904,113160,3880708,1380,2097152,0.0,0.0,0.0,0.0,0.0,0.0,0.0,0.04,0.0,0.04,test_3_pressure,0
2026-09-15 09:35:16.035,141068,144496,3869544,1380,2097152,66.84,0.0,0.0,0.74,13511811.07,0.0,0.0,0.04,0.0,0.04,test_3_pressure,0
2026-09-15 09:35:16.557,129904,113160,3880708,1380,2097152,0.0,0.0,0.0,0.0,0.0,0.0,0.0,0.04,0.0,0.04,test_3_pressure,0
2026-09-15 09:35:17.567,3510272,3491296,500340,1380,2097152,91.09,0.0,0.0,11.39,2311558.15,0.0,0.0,0.03,0.0,0.03,test_3_pressure,0
2026-09-15 09:35:18.582,3510320,3491296,500292,1380,2097152,0.0,0.0,0.0,0.0,0.0,56530.42,0.0,0.03,0.0,0.03,test_3_pressure,0
2026-09-15 09:35:19.593,3510320,3491296,500292,1380,2097152,0.0,0.0,0.0,1.26,0.0,0.0,0.0,0.03,0.0,0.03,test_3_pressure,0
2026-09-15 09:35:20.603,3510308,3491284,500304,1380,2097152,0.0,0.0,0.0,0.0,0.0,16228.02,0.0,0.03,0.0,0.03,test_3_pressure,0
2026-09-15 09:35:21.611,3510356,3491332,500256,1380,2097152,0.0,0.0,0.0,0.5,0.0,0.0,0.0,0.03,0.0,0.03,test_3_pressure,0
2026-09-15 09:35:22.617,3510488,3491464,500124,1380,2097152,0.0,0.0,0.0,0.0,0.0,0.0,0.0,0.03,0.0,0.03,test_3_pressure,0
2026-09-15 09:35:23.621,3510488,3491464,500124,1380,2097152,0.0,0.0,0.0,0.5,0.0,0.0,0.0,0.03,0.0,0.03,test_3_pressure,0
2026-09-15 09:35:24.624,3510608,3491584,500004,1380,2097152,0.0,0.0,0.0,0.0,0.0,0.0,0.0,0.03,0.0,0.03,test_3_pressure,0
2026-09-15 09:35:25.654,3510608,3491584,500004,1380,2097152,0.0,0.0,0.0,0.49,0.0,0.0,0.0,0.03,0.0,0.03,test_3_pressure,0
2026-09-15 09:45:01.537,3515964,3524424,494648,1380,2097152,2.86,0.0,0.0,0.24,0.0,0.0,0.0,0.0,0.0,0.0,test_4,0
2026-09-15 09:45:02.540,3515940,3524400,494672,1380,2097152,1.0,0.0,0.0,0.0,0.0,0.0,0.0,0.0,0.0,0.0,test_4,0
2026-09-15 09:45:03.561,3515948,3524400,494664,1380,2097152,0.98,0.0,0.0,0.0,0.0,0.0,0.0,0.0,0.0,0.0,test_4,0
2026-09-15 09:45:04.572,3515948,3524400,494664,1380,2097152,0.0,0.0,0.0,0.0,0.0,0.0,0.0,0.0,0.0,0.0,test_4,0
2026-09-15 09:45:05.588,3515948,3524400,494664,1380,2097152,0.0,0.0,0.0,0.0,0.0,0.0,0.0,0.0,0.0,0.0,test_4,0
2026-09-15 09:45:06.602,3515948,3524400,494664,1380,2097152,0.0,0.0,0.0,0.25,0.0,0.0,0.0,0.0,0.0,0.0,test_4,0
2026-09-15 09:45:07.606,3515948,3524400,494664,1380,2097152,0.0,0.0,0.0,0.25,0.0,0.0,0.0,0.0,0.0,0.0,test_4,0
2026-09-15 09:45:08.614,3515948,3524400,494664,1380,2097152,0.99,0.0,0.0,0.0,0.0,0.0,0.0,0.0,0.0,0.0,test_4,0
2026-09-15 09:45:09.618,3515948,3524400,494664,1380,2097152,0.0,0.0,0.0,0.25,0.0,0.0,0.0,0.0,0.0,0.0,test_4,0
2026-09-15 09:45:10.641,3515948,3524400,494664,1380,2097152,0.0,0.0,0.0,0.0,0.0,0.0,0.0,0.0,0.0,0.0,test_4,0
2026-09-15 09:45:11.659,3515948,3524400,494664,1380,2097152,0.0,0.0,0.0,0.25,0.0,0.0,0.0,0.0,0.0,0.0,test_4,0
2026-09-15 09:45:12.675,3515948,3524400,494664,1380,2097152,0.0,0.0,0.0,0.25,0.0,0.0,0.0,0.0,0.0,0.0,test_4,0
2026-09-15 09:45:13.747,3515948,3524400,494664,1380,2097152,0.0,0.0,0.0,0.23,0.0,0.0,0.0,0.0,0.0,0.0,test_4,0
2026-09-15 09:45:14.760,3515948,3524400,494664,1380,2097152,1.97,0.0,0.0,0.0,0.0,0.0,0.0,0.0,0.0,0.0,test_4,0
2026-09-15 09:45:15.360,3400756,3409212,609856,1380,2097152,0.0,0.0,0.0,1.24,0.0,0.0,0.0,0.0,0.0,0.0,test_4,0
2026-09-15 09:45:15.774,3467072,3475520,543540,1380,2097152,13785.77,0.0,0.0,3.19,0.0,0.0,0.0,0.0,0.0,0.0,test_4,0
2026-09-15 09:45:16.432,3360292,3368748,650320,1380,2097152,8959.71,0.0,0.0,2.32,0.0,0.0,0.0,0.0,0.0,0.0,test_4,0
2026-09-15 09:45:16.779,3416740,3425196,593872,1380,2097152,12733.02,0.0,0.0,2.49,0.0,32591.45,0.0,0.0,0.0,0.0,test_4,0
2026-09-15 09:45:17.473,3311908,3320364,698704,1380,2097152,12300.34,0.0,0.0,2.16,0.0,0.0,0.0,0.0,0.0,0.0,test_4,0
2026-09-15 09:45:18.479,3263140,3271596,747472,1380,2097152,12731.09,0.0,0.0,2.74,0.0,0.0,0.0,0.0,0.0,0.0,test_4,0
2026-09-15 09:45:19.541,3206692,3215148,803920,1380,2097152,12046.47,0.0,0.0,2.12,0.0,3854.57,0.0,0.0,0.0,0.0,test_4,0
2026-09-15 09:45:20.549,3158308,3166764,852304,1380,2097152,12703.28,0.0,0.0,2.23,0.0,0.0,0.0,0.0,0.0,0.0,test_4,0
2026-09-15 09:45:21.600,3109924,3118380,900688,1380,2097152,12175.49,0.0,0.0,2.14,0.0,19479.26,0.0,0.0,0.0,0.0,test_4,0
2026-09-15 09:45:22.605,3053092,3061548,957520,1380,2097152,12740.06,0.0,0.0,2.74,0.0,0.0,0.0,0.0,0.0,0.0,test_4,0
2026-09-15 09:45:23.640,3004708,3013164,1005904,1380,2097152,12368.29,0.0,0.0,1.93,0.0,0.0,0.0,0.0,0.0,0.0,test_4,0
2026-09-15 09:45:24.667,2948260,2956716,1062352,1380,2097152,12463.11,0.0,0.0,1.95,0.0,0.0,0.0,0.0,0.0,0.0,test_4,0
2026-09-15 09:45:25.672,2899876,2908332,1110736,1380,2097152,12741.84,0.0,0.0,2.72,0.0,0.0,0.0,0.0,0.0,0.0,test_4,0
2026-09-15 09:45:26.684,2851108,2859564,1159504,1380,2097152,12646.79,0.0,0.0,2.48,0.0,0.0,0.0,0.0,0.0,0.0,test_4,0
2026-09-15 09:45:27.688,2794912,2803368,1215700,1380,2097152,12748.45,0.0,0.0,2.24,0.0,0.0,0.0,0.0,0.0,0.0,test_4,0
2026-09-15 09:45:28.697,2794912,2803368,1215700,1380,2097152,0.0,0.0,0.0,0.0,0.0,0.0,0.0,0.0,0.0,0.0,test_4,0
2026-09-15 09:45:29.702,2746528,2754984,1264084,1380,2097152,12742.52,0.0,0.0,2.24,0.0,0.0,0.0,0.0,0.0,0.0,test_4,0
2026-09-15 09:45:30.705,2690080,2698536,1320532,1380,2097152,12759.67,0.0,0.0,2.49,0.0,0.0,0.0,0.0,0.0,0.0,test_4,0
2026-09-15 09:45:31.727,2641696,2650152,1368916,1380,2097152,12527.11,0.0,0.0,1.97,0.0,0.0,0.0,0.0,0.0,0.0,test_4,0
2026-09-15 09:45:32.782,2592928,2601384,1417684,1380,2097152,12133.05,0.0,0.0,2.36,0.0,0.0,0.0,0.0,0.0,0.0,test_4,0
2026-09-15 09:45:33.855,2536480,2544936,1474132,1380,2097152,11934.71,0.0,0.0,1.87,0.0,0.0,0.0,0.0,0.0,0.0,test_4,0
2026-09-15 09:45:34.865,2488096,2496552,1522516,1380,2097152,12666.69,0.0,0.0,2.47,0.0,0.0,0.0,0.0,0.0,0.0,test_4,0
2026-09-15 09:45:35.874,2439712,2448168,1570900,1380,2097152,12682.64,0.0,0.0,1.99,0.0,0.0,0.0,0.0,0.0,0.0,test_4,0
2026-09-15 09:45:36.902,2391328,2399784,1619284,1380,2097152,12453.26,0.0,0.0,2.19,0.0,0.0,0.0,0.0,0.0,0.0,test_4,0
2026-09-15 09:45:37.931,2334496,2342952,1676116,1380,2097152,12445.04,0.0,0.0,1.95,0.0,0.0,0.0,0.0,0.0,0.0,test_4,0
2026-09-15 09:45:38.939,2286112,2294568,1724500,1380,2097152,12696.99,0.0,0.0,1.99,0.0,0.0,0.0,0.0,0.0,0.0,test_4,0
2026-09-15 09:45:39.968,2221600,2230056,1789012,1380,2097152,12437.6,0.0,0.0,2.42,0.0,0.0,0.0,0.0,0.0,0.0,test_4,0
2026-09-15 09:45:40.986,2173216,2181672,1837396,1380,2097152,12582.35,0.0,0.0,1.98,0.0,0.0,0.0,0.0,0.0,0.0,test_4,0
2026-09-15 09:45:42.014,2124968,2133424,1885644,1380,2097152,11303.56,0.0,0.0,1.7,0.0,0.0,0.0,0.0,0.0,0.0,test_4,0
2026-09-15 09:45:43.043,2116840,2125296,1893772,1380,2097152,2628.34,0.0,0.0,0.73,0.0,0.0,0.0,0.0,0.0,0.0,test_4,0
2026-09-15 09:45:44.062,2068940,2077392,1941672,1380,2097152,11065.5,0.0,0.0,2.21,0.0,0.0,0.0,0.0,0.0,0.0,test_4,0
2026-09-15 09:45:45.090,2020556,2029008,1990056,1380,2097152,12454.21,0.0,0.0,2.18,0.0,0.0,0.0,0.0,0.0,0.0,test_4,0
2026-09-15 09:45:46.111,1972172,1980624,2038440,1380,2097152,12529.54,0.0,0.0,1.72,0.0,32073.13,0.0,0.0,0.0,0.0,test_4,0
2026-09-15 09:45:46.127,1818952,1827408,2191660,1380,2097152,0.0,0.0,0.0,2.25,0.0,0.0,0.0,0.0,0.0,0.0,test_4,0
2026-09-15 09:45:47.117,1915724,1924176,2094888,1380,2097152,12733.48,0.0,0.0,2.0,0.0,0.0,0.0,0.0,0.0,0.0,test_4,0
2026-09-15 09:45:47.131,1763556,1772012,2247056,1380,2097152,12759.71,0.0,0.0,2.73,0.0,0.0,0.0,0.0,0.0,0.0,test_4,0
2026-09-15 09:45:48.121,1867340,1875792,2143272,1380,2097152,12745.27,0.0,0.0,2.24,0.0,0.0,0.0,0.0,0.0,0.0,test_4,0
2026-09-15 09:45:48.140,1707632,1716088,2302980,1380,2097152,12680.69,0.0,0.0,1.99,0.0,0.0,0.0,0.0,0.0,0.0,test_4,0
2026-09-15 09:45:49.160,1667388,1675836,2343224,1380,2097152,12556.75,0.0,0.0,1.97,0.0,4017.85,0.0,0.0,0.0,0.0,test_4,0
2026-09-15 09:45:50.182,1610940,1619388,2399672,1380,2097152,12515.96,0.0,0.0,2.2,0.0,0.0,0.0,0.0,0.0,0.0,test_4,0
2026-09-15 09:45:51.196,1562732,1571044,2447880,1380,2097152,12626.64,0.0,0.0,2.22,0.0,20201.04,0.0,0.0,0.0,0.0,test_4,0
2026-09-15 09:45:52.219,1546572,1555020,2464040,1380,2097152,3450.74,0.0,0.0,0.49,0.0,0.0,0.0,0.0,0.0,0.0,test_4,0
2026-09-15 09:45:53.232,1514272,1522720,2496340,1380,2097152,9146.36,0.0,0.0,1.72,0.0,0.0,0.0,0.0,0.0,0.0,test_4,0
2026-09-15 09:45:54.262,1457824,1466272,2552788,1380,2097152,12437.7,0.0,0.0,2.43,0.0,0.0,0.0,0.0,0.0,0.0,test_4,0
2026-09-15 09:45:55.276,1409292,1417740,2601320,1380,2097152,12620.15,0.0,0.0,1.98,0.0,0.0,0.0,0.0,0.0,0.0,test_4,0
2026-09-15 09:45:56.294,1360908,1369356,2649704,1380,2097152,12572.23,0.0,0.0,2.21,0.0,0.0,0.0,0.0,0.0,0.0,test_4,0
2026-09-15 09:45:57.323,1304460,1312908,2706152,1380,2097152,12437.36,0.0,0.0,2.18,0.0,0.0,0.0,0.0,0.0,0.0,test_4,0
2026-09-15 09:45:58.345,1256076,1264524,2754536,1380,2097152,12532.14,0.0,0.0,1.96,0.0,0.0,0.0,0.0,0.0,0.0,test_4,0
2026-09-15 09:45:59.348,1207692,1216140,2802920,1380,2097152,12755.12,0.0,0.0,2.0,0.0,0.0,0.0,0.0,0.0,0.0,test_4,0
2026-09-15 09:46:00.370,1151244,1159692,2859368,1380,2097152,12537.16,0.0,0.0,1.96,0.0,0.0,0.0,0.0,0.0,0.0,test_4,0
2026-09-15 09:46:01.388,1102860,1111308,2907752,1380,2097152,12567.67,0.0,0.0,1.97,0.0,0.0,0.0,0.0,0.0,0.0,test_4,0
2026-09-15 09:46:02.403,1046412,1054860,2964200,1380,2097152,12608.79,0.0,0.0,2.22,0.0,0.0,0.0,0.0,0.0,0.0,test_4,0
2026-09-15 09:46:03.436,998028,1006476,3012584,1380,2097152,12395.89,0.0,0.0,2.17,0.0,0.0,0.0,0.0,0.0,0.0,test_4,0
2026-09-15 09:46:04.440,949644,958092,3060968,1380,2097152,12744.39,0.0,0.0,1.75,0.0,0.0,0.0,0.0,0.0,0.0,test_4,0
2026-09-15 09:46:05.443,893196,901644,3117416,1380,2097152,12768.84,0.0,0.0,2.0,0.0,0.0,0.0,0.0,0.0,0.0,test_4,0
2026-09-15 09:46:06.472,877212,885660,3133400,1380,2097152,4372.32,0.0,0.0,1.21,0.0,0.0,0.0,0.0,0.0,0.0,test_4,0
2026-09-15 09:46:07.478,844812,853260,3165800,1380,2097152,8248.83,0.0,0.0,1.25,0.0,0.0,0.0,0.0,0.0,0.0,test_4,0
2026-09-15 09:46:08.530,788364,796812,3222248,1380,2097152,12170.31,0.0,0.0,1.9,0.0,0.0,0.0,0.0,0.0,0.0,test_4,0
2026-09-15 09:46:09.560,731916,740364,3278696,1380,2097152,12429.28,0.0,0.0,2.43,0.0,0.0,0.0,0.0,0.0,0.0,test_4,0
2026-09-15 09:46:10.566,683532,691980,3327080,1380,2097152,12720.75,0.0,0.0,2.24,0.0,0.0,0.0,0.0,0.0,0.0,test_4,0
2026-09-15 09:46:11.581,638680,647132,3371932,1380,2097152,12612.66,0.0,0.0,2.7,0.0,0.0,0.0,0.0,0.0,0.0,test_4,0
2026-09-15 09:46:12.630,582232,590684,3428380,1380,2097152,12204.95,0.0,0.0,1.91,0.0,0.0,0.0,0.0,0.0,0.0,test_4,0
2026-09-15 09:46:13.638,533848,542300,3476764,1380,2097152,12701.19,0.0,0.0,2.23,0.0,0.0,0.0,0.0,0.0,0.0,test_4,0
2026-09-15 09:46:14.691,485464,493916,3525148,1380,2097152,12160.71,0.0,0.0,3.09,0.0,0.0,0.0,0.0,0.0,0.0,test_4,0
2026-09-15 09:46:15.748,429016,437468,3581596,1380,2097152,12106.37,0.0,0.0,2.36,0.0,0.0,0.0,0.0,0.0,0.0,test_4,0
2026-09-15 09:46:16.722,332248,340700,3678364,1380,2097152,0.0,0.0,0.0,0.99,0.0,0.0,0.0,0.0,0.0,0.0,test_4,0
2026-09-15 09:46:16.760,380632,389084,3629980,1380,2097152,12649.73,0.0,0.0,2.71,0.0,32380.77,0.0,0.0,0.0,0.0,test_4,0
2026-09-15 09:46:17.735,275800,284252,3734812,1380,2097152,12632.73,0.0,0.0,2.47,0.0,0.0,0.0,0.0,0.0,0.0,test_4,0
2026-09-15 09:46:17.815,340376,348828,3670236,1380,2097152,10329.09,0.0,0.0,2.13,0.0,0.0,0.0,0.0,0.0,0.0,test_4,0
2026-09-15 09:46:18.747,227416,235868,3783196,1380,2097152,12651.02,0.0,0.0,2.72,0.0,0.0,0.0,0.0,0.0,0.0,test_4,0
2026-09-15 09:46:19.758,170968,179420,3839644,1380,2097152,12656.19,0.0,0.0,2.47,0.0,4049.66,0.0,0.0,0.0,0.0,test_4,0
2026-09-15 09:46:20.769,170968,179420,3839644,1380,2097152,0.0,0.0,0.0,0.25,0.0,0.0,0.0,0.0,0.0,0.0,test_4,0
2026-09-15 09:46:21.777,170968,179420,3839644,1380,2097152,0.0,0.0,0.0,0.25,0.0,0.0,0.0,0.0,0.0,0.0,test_4,0
2026-09-15 09:46:22.800,170968,179420,3839644,1380,2097152,0.0,0.0,0.0,0.0,0.0,20036.04,0.0,0.0,0.0,0.0,test_4,0
2026-09-15 09:46:23.841,170968,179420,3839644,1380,2097152,0.0,0.0,0.0,0.0,0.0,0.0,0.0,0.0,0.0,0.0,test_4,0
2026-09-15 09:46:24.850,170968,179420,3839644,1380,2097152,0.0,0.0,0.0,0.0,0.0,0.0,0.0,0.0,0.0,0.0,test_4,0
2026-09-15 09:46:25.908,3428964,3437416,581648,1380,2097152,6.61,0.0,0.0,10.38,0.0,0.0,0.0,0.0,0.0,0.0,test_4,0
2026-09-15 09:46:26.924,3434116,3442568,576496,1380,2097152,0.0,0.0,0.0,0.0,0.0,0.0,0.0,0.0,0.0,0.0,test_4,0
2026-09-15 09:46:27.976,3438624,3447076,571988,1380,2097152,0.0,0.0,0.0,0.72,0.0,0.0,0.0,0.0,0.0,0.0,test_4,0
2026-09-15 09:46:28.983,3442568,3451020,568044,1380,2097152,0.0,0.0,0.0,0.0,0.0,0.0,0.0,0.0,0.0,0.0,test_4,0
2026-09-15 09:46:30.044,3446020,3454472,564592,1380,2097152,0.0,0.0,0.0,0.48,0.0,0.0,0.0,0.0,0.0,0.0,test_4,0
2026-09-15 09:46:31.066,3421696,3430148,588916,1380,2097152,12525.79,0.0,0.0,1.96,0.0,0.0,0.0,0.0,0.0,0.0,test_4,0
2026-09-15 09:46:32.077,3417916,3426368,592696,1380,2097152,12663.1,0.0,0.0,1.76,0.0,0.0,0.0,0.0,0.0,0.0,test_4,0
2026-09-15 09:46:33.092,3365500,3373952,645112,1380,2097152,12617.49,0.0,0.0,2.71,0.0,0.0,0.0,0.0,0.0,0.0,test_4,0
2026-09-15 09:46:34.104,3308668,3317120,701944,1380,2097152,12648.33,0.0,0.0,2.99,0.0,0.0,0.0,0.0,0.0,0.0,test_4,0
2026-09-15 09:46:35.113,3260420,3268872,750192,1380,2097152,11876.88,0.0,0.0,2.72,0.0,0.0,0.0,0.0,0.0,0.0,test_4,0
2026-09-15 09:46:36.161,3252292,3260744,758320,1380,2097152,2156.68,0.0,0.0,0.72,0.0,0.0,0.0,0.0,0.0,0.0,test_4,0
2026-09-15 09:46:37.170,3211900,3220352,798712,1380,2097152,11251.34,0.0,0.0,1.48,0.0,0.0,0.0,0.0,0.0,0.0,test_4,0
2026-09-15 09:46:38.226,3155452,3163904,855160,1380,2097152,12120.31,0.0,0.0,1.44,0.0,0.0,0.0,0.0,0.0,0.0,test_4,0
2026-09-15 09:46:39.267,3106304,3114752,904308,1380,2097152,12300.89,0.0,0.0,1.44,0.0,0.0,0.0,0.0,0.0,0.0,test_4,0
2026-09-15 09:46:40.319,3057920,3066368,952692,1380,2097152,12171.29,0.0,0.0,2.16,0.0,0.0,0.0,0.0,0.0,0.0,test_4,0
2026-09-15 09:46:41.327,3001472,3009920,1009140,1380,2097152,12695.73,0.0,0.0,1.24,0.0,0.0,0.0,0.0,0.0,0.0,test_4,0
2026-09-15 09:46:42.393,2953088,2961536,1057524,1380,2097152,12006.45,0.0,0.0,1.42,0.0,0.0,0.0,0.0,0.0,0.0,test_4,0
2026-09-15 09:46:43.463,2904320,2912768,1106292,1380,2097152,11969.05,0.0,0.0,2.34,0.0,0.0,0.0,0.0,0.0,0.0,test_4,0
2026-09-15 09:46:44.535,2847872,2856320,1162740,1380,2097152,11933.59,0.0,0.0,3.02,0.0,0.0,0.0,0.0,0.0,0.0,test_4,0
2026-09-15 09:46:45.589,2799740,2808188,1210872,1380,2097152,12150.69,0.0,0.0,2.13,0.0,0.0,0.0,0.0,0.0,0.0,test_4,0
2026-09-15 09:46:46.640,2742908,2751356,1267704,1380,2097152,12172.71,0.0,0.0,2.38,0.0,0.0,0.0,0.0,0.0,0.0,test_4,0
2026-09-15 09:46:47.097,2589692,2598140,1420920,1380,2097152,0.0,0.0,0.0,2.66,0.0,0.0,0.0,0.0,0.0,0.0,test_4,0
2026-09-15 09:46:47.654,2694524,2702972,1316088,1380,2097152,12631.41,0.0,0.0,1.98,0.0,32333.88,0.0,0.0,0.0,0.0,test_4,0
2026-09-15 09:46:48.102,2541308,2549756,1469304,1380,2097152,12740.02,0.0,0.0,1.75,0.0,0.0,0.0,0.0,0.0,0.0,test_4,0
2026-09-15 09:46:48.672,2646140,2654588,1364472,1380,2097152,12570.39,0.0,0.0,2.45,0.0,0.0,0.0,0.0,0.0,0.0,test_4,0
2026-09-15 09:46:49.133,2484476,2492924,1526136,1380,2097152,12411.24,0.0,0.0,2.18,0.0,0.0,0.0,0.0,0.0,0.0,test_4,0
2026-09-15 09:46:50.193,2436100,2444540,1574512,1380,2097152,12079.53,0.0,0.0,2.12,0.0,0.0,0.0,0.0,0.0,0.0,test_4,0
2026-09-15 09:46:51.212,2387716,2396156,1622896,1380,2097152,12561.63,0.0,0.0,2.21,0.0,0.0,0.0,0.0,0.0,0.0,test_4,0
2026-09-15 09:46:52.215,2363592,2372032,1647020,1380,2097152,4144.09,0.0,0.0,0.75,0.0,0.0,0.0,0.0,0.0,0.0,test_4,0
2026-09-15 09:46:53.241,2331268,2339708,1679344,1380,2097152,8425.88,0.0,0.0,1.46,0.0,19965.53,0.0,0.0,0.0,0.0,test_4,0
2026-09-15 09:46:54.270,2282500,2290940,1728112,1380,2097152,12444.38,0.0,0.0,2.19,0.0,0.0,0.0,0.0,0.0,0.0,test_4,0
2026-09-15 09:46:55.296,2217988,2226428,1792624,1380,2097152,12475.01,0.0,0.0,1.95,0.0,0.0,0.0,0.0,0.0,0.0,test_4,0
2026-09-15 09:46:56.306,2169604,2178044,1841008,1380,2097152,12675.54,0.0,0.0,1.99,0.0,0.0,0.0,0.0,0.0,0.0,test_4,0
2026-09-15 09:46:57.363,2121220,2129660,1889392,1380,2097152,12100.65,0.0,0.0,2.13,0.0,0.0,0.0,0.0,0.0,0.0,test_4,0
2026-09-15 09:46:58.369,2064772,2073212,1945840,1380,2097152,12732.57,0.0,0.0,1.99,0.0,0.0,0.0,0.0,0.0,0.0,test_4,0
2026-09-15 09:46:59.414,2016388,2024828,1994224,1380,2097152,12251.71,0.0,0.0,2.15,0.0,0.0,0.0,0.0,0.0,0.0,test_4,0
2026-09-15 09:47:00.417,1968004,1976444,2042608,1380,2097152,12761.42,0.0,0.0,1.75,0.0,0.0,0.0,0.0,0.0,0.0,test_4,0
2026-09-15 09:47:01.435,1919620,1928060,2090992,1380,2097152,12566.0,0.0,0.0,1.97,0.0,0.0,0.0,0.0,0.0,0.0,test_4,0
2026-09-15 09:47:02.446,1871236,1879676,2139376,1380,2097152,12666.27,0.0,0.0,1.98,0.0,0.0,0.0,0.0,0.0,0.0,test_4,0
2026-09-15 09:47:03.456,1814800,1823240,2195812,1380,2097152,12673.27,0.0,0.0,1.98,0.0,0.0,0.0,0.0,0.0,0.0,test_4,0
2026-09-15 09:47:04.461,1766460,1774900,2244152,1380,2097152,12742.1,0.0,0.0,2.24,0.0,0.0,0.0,0.0,0.0,0.0,test_4,0
2026-09-15 09:47:05.467,1758508,1766948,2252104,1380,2097152,2564.24,0.0,0.0,0.25,0.0,0.0,0.0,0.0,0.0,0.0,test_4,0
2026-09-15 09:47:06.471,1716480,1724924,2294132,1380,2097152,10186.51,0.0,0.0,2.0,0.0,0.0,0.0,0.0,0.0,0.0,test_4,0
2026-09-15 09:47:07.494,1660060,1668504,2350552,1380,2097152,12510.26,0.0,0.0,1.96,0.0,0.0,0.0,0.0,0.0,0.0,test_4,0
2026-09-15 09:47:08.513,1603636,1612080,2406976,1380,2097152,12561.38,0.0,0.0,1.97,0.0,0.0,0.0,0.0,0.0,0.0,test_4,0
2026-09-15 09:47:09.531,1555252,1563696,2455360,1380,2097152,12572.65,0.0,0.0,1.97,0.0,0.0,0.0,0.0,0.0,0.0,test_4,0
2026-09-15 09:47:10.548,1506868,1515312,2503744,1380,2097152,12584.78,0.0,0.0,1.97,0.0,0.0,0.0,0.0,0.0,0.0,test_4,0
2026-09-15 09:47:11.573,1458484,1466928,2552128,1380,2097152,12487.65,0.0,0.0,2.19,0.0,0.0,0.0,0.0,0.0,0.0,test_4,0
2026-09-15 09:47:12.615,1402036,1410480,2608576,1380,2097152,12288.7,0.0,0.0,1.69,0.0,0.0,0.0,0.0,0.0,0.0,test_4,0
2026-09-15 09:47:13.649,1353652,1362096,2656960,1380,2097152,12377.49,0.0,0.0,2.17,0.0,0.0,0.0,0.0,0.0,0.0,test_4,0
2026-09-15 09:47:14.679,1305268,1313712,2705344,1380,2097152,12433.78,0.0,0.0,2.18,0.0,0.0,0.0,0.0,0.0,0.0,test_4,0
2026-09-15 09:47:15.688,1248820,1257264,2761792,1380,2097152,12681.51,0.0,0.0,2.23,0.0,0.0,0.0,0.0,0.0,0.0,test_4,0
2026-09-15 09:47:16.722,1200436,1208880,2810176,1380,2097152,12379.04,0.0,0.0,1.94,0.0,0.0,0.0,0.0,0.0,0.0,test_4,0
2026-09-15 09:47:17.361,1095612,1104048,2915000,1380,2097152,0.0,0.0,0.0,2.34,0.0,0.0,0.0,0.0,0.0,0.0,test_4,0
2026-09-15 09:47:17.732,1200444,1208880,2810168,1380,2097152,0.0,0.0,0.0,0.25,0.0,32469.13,0.0,0.0,0.0,0.0,test_4,0
2026-09-15 09:47:18.437,1048236,1056672,2962376,1380,2097152,11895.41,0.0,0.0,1.86,0.0,0.0,0.0,0.0,0.0,0.0,test_4,0
2026-09-15 09:47:18.737,1152060,1160496,2858552,1380,2097152,12730.09,0.0,0.0,2.24,0.0,0.0,0.0,0.0,0.0,0.0,test_4,0
2026-09-15 09:47:19.516,999852,1008288,3010760,1380,2097152,11872.03,0.0,0.0,1.86,0.0,0.0,0.0,0.0,0.0,0.0,test_4,0
2026-09-15 09:47:20.571,943404,951840,3067208,1380,2097152,12128.07,0.0,0.0,2.13,0.0,3880.68,0.0,0.0,0.0,0.0,test_4,0
2026-09-15 09:47:21.641,895020,903456,3115592,1380,2097152,11963.15,0.0,0.0,1.87,0.0,0.0,0.0,0.0,0.0,0.0,test_4,0
2026-09-15 09:47:22.646,838572,847008,3172040,1380,2097152,12744.32,0.0,0.0,2.0,0.0,20389.32,0.0,0.0,0.0,0.0,test_4,0
2026-09-15 09:47:23.651,782124,790560,3228488,1380,2097152,12736.22,0.0,0.0,1.99,0.0,0.0,0.0,0.0,0.0,0.0,test_4,0
2026-09-15 09:47:24.717,733740,742176,3276872,1380,2097152,12011.31,0.0,0.0,2.34,0.0,0.0,0.0,0.0,0.0,0.0,test_4,0
2026-09-15 09:47:25.720,685356,693792,3325256,1380,2097152,12755.59,0.0,0.0,2.23,0.0,0.0,0.0,0.0,0.0,0.0,test_4,0
2026-09-15 09:47:26.749,628908,637344,3381704,1380,2097152,12440.66,0.0,0.0,1.95,0.0,0.0,0.0,0.0,0.0,0.0,test_4,0
2026-09-15 09:47:27.777,580524,588960,3430088,1380,2097152,12455.07,0.0,0.0,2.18,0.0,0.0,0.0,0.0,0.0,0.0,test_4,0
2026-09-15 09:47:28.780,532140,540576,3478472,1380,2097152,12763.38,0.0,0.0,2.0,0.0,0.0,0.0,0.0,0.0,0.0,test_4,0
2026-09-15 09:47:29.790,475692,484128,3534920,1380,2097152,12672.32,0.0,0.0,1.99,0.0,0.0,0.0,0.0,0.0,0.0,test_4,0
2026-09-15 09:47:30.793,475692,484128,3534920,1380,2097152,444.61,0.0,0.0,0.25,0.0,0.0,0.0,0.0,0.0,0.0,test_4,0
2026-09-15 09:47:31.803,427308,435744,3583304,1380,2097152,12234.06,0.0,0.0,2.23,0.0,0.0,0.0,0.0,0.0,0.0,test_4,0
2026-09-15 09:47:32.825,378924,387360,3631688,1380,2097152,12527.56,0.0,0.0,2.2,0.0,0.0,0.0,0.0,0.0,0.0,test_4,0
2026-09-15 09:47:33.831,321832,330272,3688780,1380,2097152,12725.53,0.0,0.0,2.0,0.0,0.0,0.0,0.0,0.0,0.0,test_4,0
2026-09-15 09:47:34.855,273448,281888,3737164,1380,2097152,12500.81,0.0,0.0,1.96,0.0,0.0,0.0,0.0,0.0,0.0,test_4,0
2026-09-15 09:47:35.873,225064,233504,3785548,1380,2097152,12565.84,0.0,0.0,2.21,0.0,0.0,0.0,0.0,0.0,0.0,test_4,0
2026-09-15 09:47:36.876,168616,177056,3841996,1380,2097152,12768.66,0.0,0.0,2.0,0.0,0.0,0.0,0.0,0.0,0.0,test_4,0
2026-09-15 09:47:37.883,168616,177056,3841996,1380,2097152,0.0,0.0,0.0,0.25,0.0,0.0,0.0,0.0,0.0,0.0,test_4,0
2026-09-15 09:47:38.894,168616,177056,3841996,1380,2097152,0.0,0.0,0.0,0.0,0.0,0.0,0.0,0.0,0.0,0.0,test_4,0
2026-09-15 09:47:39.897,168616,177056,3841996,1380,2097152,0.0,0.0,0.0,0.0,0.0,0.0,0.0,0.0,0.0,0.0,test_4,0
2026-09-15 09:47:40.900,168616,177056,3841996,1380,2097152,0.0,0.0,0.0,0.0,0.0,0.0,0.0,0.0,0.0,0.0,test_4,0
2026-09-15 09:47:41.942,168616,177056,3841996,1380,2097152,0.0,0.0,0.0,0.0,0.0,0.0,0.0,0.0,0.0,0.0,test_4,0
2026-09-15 09:47:42.949,3409712,3418152,600900,1380,2097152,0.0,0.0,0.0,10.92,0.0,0.0,0.0,0.0,0.0,0.0,test_4,0
2026-09-15 09:47:43.954,3411384,3419824,599228,1380,2097152,0.0,0.0,0.0,0.0,0.0,0.0,0.0,0.0,0.0,0.0,test_4,0
2026-09-15 09:47:44.966,3411384,3419824,599228,1380,2097152,0.0,0.0,0.0,0.75,0.0,0.0,0.0,0.0,0.0,0.0,test_4,0
2026-09-15 09:47:46.001,3418376,3426816,592236,1380,2097152,0.0,0.0,0.0,0.0,0.0,0.0,0.0,0.0,0.0,0.0,test_4,0
2026-09-15 09:47:46.646,3377124,3385564,633488,1380,2097152,0.0,0.0,0.0,1.51,0.0,0.0,0.0,0.0,0.0,0.0,test_4,0
2026-09-15 09:47:47.075,3424496,3432936,586116,1380,2097152,0.0,0.0,0.0,0.47,0.0,0.0,0.0,0.0,0.0,0.0,test_4,0
2026-09-15 09:47:47.660,3357980,3366420,652632,1380,2097152,6315.11,0.0,0.0,0.74,0.0,0.0,0.0,0.0,0.0,0.0,test_4,0
2026-09-15 09:47:48.084,3367916,3376356,642696,1380,2097152,12682.32,0.0,0.0,2.73,0.0,28406.18,0.0,0.0,0.0,0.0,test_4,0
2026-09-15 09:47:48.682,3333676,3342116,676936,1380,2097152,6263.05,0.0,0.0,1.97,0.0,0.0,0.0,0.0,0.0,0.0,test_4,0
2026-09-15 09:47:49.698,3289392,3297832,721220,1380,2097152,12604.4,0.0,0.0,2.22,0.0,0.0,0.0,0.0,0.0,0.0,test_4,0
2026-09-15 09:47:50.711,3236532,3244972,774080,1380,2097152,12628.31,0.0,0.0,2.5,0.0,0.0,0.0,0.0,0.0,0.0,test_4,0
2026-09-15 09:47:51.719,3190900,3199340,819712,1380,2097152,12696.21,0.0,0.0,1.99,0.0,0.0,0.0,0.0,0.0,0.0,test_4,0
2026-09-15 09:47:52.735,3142516,3150956,868096,1380,2097152,12609.4,0.0,0.0,1.5,0.0,20173.47,0.0,0.0,0.0,0.0,test_4,0
2026-09-15 09:47:53.758,3088812,3097252,921800,1380,2097152,12505.92,0.0,0.0,1.22,0.0,0.0,0.0,0.0,0.0,0.0,test_4,0
2026-09-15 09:47:54.775,3040044,3048484,970568,1380,2097152,12586.83,0.0,0.0,1.74,0.0,0.0,0.0,0.0,0.0,0.0,test_4,0
2026-09-15 09:47:55.798,2994064,3002504,1016548,1380,2097152,12518.25,0.0,0.0,1.22,0.0,0.0,0.0,0.0,0.0,0.0,test_4,0
2026-09-15 09:47:56.812,2937488,2945928,1073124,1380,2097152,12624.55,0.0,0.0,1.49,0.0,0.0,0.0,0.0,0.0,0.0,test_4,0
2026-09-15 09:47:57.828,2897548,2905988,1113064,1380,2097152,12599.32,0.0,0.0,0.99,0.0,0.0,0.0,0.0,0.0,0.0,test_4,0
2026-09-15 09:47:58.842,2849164,2857604,1161448,1380,2097152,12624.22,0.0,0.0,2.7,0.0,0.0,0.0,0.0,0.0,0.0,test_4,0
2026-09-15 09:47:59.861,2800396,2808836,1210216,1380,2097152,12563.82,0.0,0.0,2.46,0.0,0.0,0.0,0.0,0.0,0.0,test_4,0
2026-09-15 09:48:00.867,2792404,2800844,1218208,1380,2097152,985.08,0.0,0.0,0.25,0.0,0.0,0.0,0.0,0.0,0.0,test_4,0
2026-09-15 09:48:01.879,2750024,2758460,1260588,1380,2097152,11671.56,0.0,0.0,3.45,0.0,0.0,0.0,0.0,0.0,0.0,test_4,0
2026-09-15 09:48:02.882,2701712,2710148,1308900,1380,2097152,12758.08,0.0,0.0,2.99,0.0,0.0,0.0,0.0,0.0,0.0,test_4,0
2026-09-15 09:48:03.921,2653200,2661636,1357412,1380,2097152,12317.86,0.0,0.0,2.17,0.0,0.0,0.0,0.0,0.0,0.0,test_4,0
2026-09-15 09:48:04.924,2596496,2604932,1414116,1380,2097152,12761.15,0.0,0.0,3.25,0.0,0.0,0.0,0.0,0.0,0.0,test_4,0
2026-09-15 09:48:05.956,2547728,2556164,1462884,1380,2097152,12410.33,0.0,0.0,0.5,0.0,0.0,0.0,0.0,0.0,0.0,test_4,0
2026-09-15 09:48:06.975,2491280,2499716,1519332,1380,2097152,12558.37,0.0,0.0,3.43,0.0,0.0,0.0,0.0,0.0,0.0,test_4,0
2026-09-15 09:48:07.980,2442896,2451332,1567716,1380,2097152,12742.54,0.0,0.0,3.48,0.0,0.0,0.0,0.0,0.0,0.0,test_4,0
2026-09-15 09:48:09.016,2418772,2427208,1591840,1380,2097152,4854.55,0.0,0.0,1.21,0.0,0.0,0.0,0.0,0.0,0.0,test_4,0
2026-09-15 09:48:10.054,2394512,2402948,1616100,1380,2097152,7489.82,0.0,0.0,2.17,0.0,0.0,0.0,0.0,0.0,0.0,test_4,0
2026-09-15 09:48:11.059,2337680,2346116,1672932,1380,2097152,12730.47,0.0,0.0,3.23,0.0,0.0,0.0,0.0,0.0,0.0,test_4,0
2026-09-15 09:48:12.078,2289296,2297732,1721316,1380,2097152,12564.45,0.0,0.0,3.43,0.0,0.0,0.0,0.0,0.0,0.0,test_4,0
2026-09-15 09:48:13.086,2240912,2249348,1769700,1380,2097152,12702.73,0.0,0.0,3.23,0.0,0.0,0.0,0.0,0.0,0.0,test_4,0
2026-09-15 09:48:14.114,2192812,2201248,1817800,1380,2097152,12453.2,0.0,0.0,2.92,0.0,0.0,0.0,0.0,0.0,0.0,test_4,0
2026-09-15 09:48:15.142,2136340,2144768,1874272,1380,2097152,12448.17,0.0,0.0,1.95,0.0,0.0,0.0,0.0,0.0,0.0,test_4,0
2026-09-15 09:48:16.169,2087956,2096384,1922656,1380,2097152,12468.67,0.0,0.0,2.18,0.0,0.0,0.0,0.0,0.0,0.0,test_4,0
2026-09-15 09:48:16.721,1926676,1935104,2083936,1380,2097152,0.0,0.0,0.0,1.97,0.0,0.0,0.0,0.0,0.0,0.0,test_4,0
2026-09-15 09:48:17.193,2039572,2048000,1971040,1380,2097152,12500.04,0.0,0.0,1.96,0.0,0.0,0.0,0.0,0.0,0.0,test_4,0
2026-09-15 09:48:17.738,1894560,1902988,2116052,1380,2097152,5134.22,0.0,0.0,0.98,0.0,0.0,0.0,0.0,0.0,0.0,test_4,0
2026-09-15 09:48:18.202,1983124,1991552,2027488,1380,2097152,12681.71,0.0,0.0,2.47,0.0,28404.81,0.0,0.0,0.0,0.0,test_4,0
2026-09-15 09:48:18.750,1870240,1878668,2140372,1380,2097152,7488.88,0.0,0.0,1.24,0.0,0.0,0.0,0.0,0.0,0.0,test_4,0
2026-09-15 09:48:19.754,1813876,1822304,2196736,1380,2097152,12755.11,0.0,0.0,2.24,0.0,0.0,0.0,0.0,0.0,0.0,test_4,0
2026-09-15 09:48:20.765,1765492,1773920,2245120,1380,2097152,12662.1,0.0,0.0,2.47,0.0,0.0,0.0,0.0,0.0,0.0,test_4,0
2026-09-15 09:48:21.768,1717140,1725568,2293472,1380,2097152,12753.1,0.0,0.0,2.0,0.0,0.0,0.0,0.0,0.0,0.0,test_4,0
2026-09-15 09:48:22.776,1660720,1669148,2349892,1380,2097152,12708.97,0.0,0.0,1.99,0.0,65059.77,0.0,0.0,0.0,0.0,test_4,0
2026-09-15 09:48:23.782,1612360,1620788,2398252,1380,2097152,12723.05,0.0,0.0,1.99,0.0,0.0,0.0,0.0,0.0,0.0,test_4,0
2026-09-15 09:48:24.786,1555940,1564368,2454672,1380,2097152,12750.2,0.0,0.0,2.24,0.0,0.0,0.0,0.0,0.0,0.0,test_4,0
2026-09-15 09:48:25.816,1507584,1516012,2503028,1380,2097152,12422.05,0.0,0.0,1.95,0.0,0.0,0.0,0.0,0.0,0.0,test_4,0
2026-09-15 09:48:26.821,1461016,1469444,2549596,1380,2097152,12735.04,0.0,0.0,1.99,0.0,0.0,0.0,0.0,0.0,0.0,test_4,0
2026-09-15 09:48:27.824,1404568,1412996,2606044,1380,2097152,12768.14,0.0,0.0,2.0,0.0,0.0,0.0,0.0,0.0,0.0,test_4,0
2026-09-15 09:48:28.864,1354904,1363332,2655708,1380,2097152,12306.85,0.0,0.0,2.17,0.0,0.0,0.0,0.0,0.0,0.0,test_4,0
2026-09-15 09:48:29.905,1330856,1339284,2679756,1380,2097152,6718.33,0.0,0.0,0.96,0.0,0.0,0.0,0.0,0.0,0.0,test_4,0
2026-09-15 09:48:30.908,1306520,1314948,2704092,1380,2097152,5790.11,0.0,0.0,1.24,0.0,0.0,0.0,0.0,0.0,0.0,test_4,0
2026-09-15 09:48:31.917,1250072,1258500,2760540,1380,2097152,12686.03,0.0,0.0,2.47,0.0,0.0,0.0,0.0,0.0,0.0,test_4,0
2026-09-15 09:48:32.984,1201688,1210116,2808924,1380,2097152,11998.79,0.0,0.0,2.35,0.0,0.0,0.0,0.0,0.0,0.0,test_4,0
2026-09-15 09:48:34.049,1153304,1161732,2857308,1380,2097152,12021.79,0.0,0.0,2.11,0.0,0.0,0.0,0.0,0.0,0.0,test_4,0
2026-09-15 09:48:35.054,1096856,1105284,2913756,1380,2097152,12732.28,0.0,0.0,2.24,0.0,0.0,0.0,0.0,0.0,0.0,test_4,0
2026-09-15 09:48:36.106,1048472,1056900,2962140,1380,2097152,12175.39,0.0,0.0,2.37,0.0,0.0,0.0,0.0,0.0,0.0,test_4,0
2026-09-15 09:48:37.111,1000088,1008516,3010524,1380,2097152,12732.55,0.0,0.0,2.0,0.0,0.0,0.0,0.0,0.0,0.0,test_4,0
2026-09-15 09:48:38.137,943640,952068,3066972,1380,2097152,12482.26,0.0,0.0,2.68,0.0,0.0,0.0,0.0,0.0,0.0,test_4,0
2026-09-15 09:48:39.155,895256,903684,3115356,1380,2097152,12573.12,0.0,0.0,1.97,0.0,0.0,0.0,0.0,0.0,0.0,test_4,0
2026-09-15 09:48:40.158,855296,863724,3155316,1380,2097152,12760.75,0.0,0.0,2.0,0.0,0.0,0.0,0.0,0.0,0.0,test_4,0
2026-09-15 09:48:41.161,798760,807188,3211852,1380,2097152,12755.68,0.0,0.0,2.25,0.0,0.0,0.0,0.0,0.0,0.0,test_4,0
2026-09-15 09:48:42.164,766624,775052,3243988,1380,2097152,7621.81,0.0,0.0,1.25,0.0,0.0,0.0,0.0,0.0,0.0,test_4,0
2026-09-15 09:48:43.167,742292,750720,3268320,1380,2097152,5142.32,0.0,0.0,1.24,0.0,0.0,0.0,0.0,0.0,0.0,test_4,0
2026-09-15 09:48:44.174,685844,694272,3324768,1380,2097152,12721.37,0.0,0.0,2.24,0.0,0.0,0.0,0.0,0.0,0.0,test_4,0
2026-09-15 09:48:45.178,637460,645888,3373152,1380,2097152,12748.7,0.0,0.0,2.24,0.0,0.0,0.0,0.0,0.0,0.0,test_4,0
2026-09-15 09:48:46.185,589076,597504,3421536,1380,2097152,12706.43,0.0,0.0,1.99,0.0,0.0,0.0,0.0,0.0,0.0,test_4,0
2026-09-15 09:48:46.767,436008,444436,3574604,1380,2097152,0.0,0.0,0.0,2.73,0.0,0.0,0.0,0.0,0.0,0.0,test_4,0
2026-09-15 09:48:47.206,532628,541056,3477984,1380,2097152,12536.38,0.0,0.0,1.96,0.0,0.0,0.0,0.0,0.0,0.0,test_4,0
2026-09-15 09:48:47.792,379560,387988,3631052,1380,2097152,12493.29,0.0,0.0,2.2,0.0,0.0,0.0,0.0,0.0,0.0,test_4,0
2026-09-15 09:48:48.246,484244,492672,3526368,1380,2097152,12308.6,0.0,0.0,2.41,0.0,0.0,0.0,0.0,0.0,0.0,test_4,0
2026-09-15 09:48:48.814,331280,339708,3679332,1380,2097152,12518.94,0.0,0.0,2.2,0.0,0.0,0.0,0.0,0.0,0.0,test_4,0
2026-09-15 09:48:49.826,282896,291324,3727716,1380,2097152,12648.7,0.0,0.0,2.47,0.0,0.0,0.0,0.0,0.0,0.0,test_4,0
2026-09-15 09:48:50.829,242640,251068,3767972,1380,2097152,9830.48,0.0,0.0,1.75,0.0,8173.27,0.0,0.0,0.0,0.0,test_4,0
2026-09-15 09:48:51.835,226448,234876,3784164,1380,2097152,2929.67,0.0,0.0,0.5,0.0,0.0,0.0,0.0,0.0,0.0,test_4,0
2026-09-15 09:48:52.848,178064,186492,3832548,1380,2097152,12636.99,0.0,0.0,2.96,0.0,16174.08,0.0,0.0,0.0,0.0,test_4,0
2026-09-15 09:48:53.920,178064,186492,3832548,1380,2097152,0.0,0.0,0.0,0.0,0.0,0.0,0.0,0.0,0.0,0.0,test_4,0
2026-09-15 09:48:54.949,178064,186492,3832548,1380,2097152,0.0,0.0,0.0,0.0,0.0,0.0,0.0,0.0,0.0,0.0,test_4,0
2026-09-15 09:48:56.025,178064,186492,3832548,1380,2097152,0.0,0.0,0.0,0.0,0.0,0.0,0.0,0.0,0.0,0.0,test_4,0
2026-09-15 09:48:57.063,177172,185596,3833440,1380,2097152,0.0,0.0,0.0,0.0,0.0,0.0,0.0,0.0,0.0,0.0,test_4,0
2026-09-15 09:48:58.065,253540,261964,3757072,1380,2097152,0.0,0.0,0.0,0.25,0.0,0.0,0.0,0.0,0.0,0.0,test_4,0
2026-09-15 09:48:59.073,3390976,3399396,619636,1380,2097152,0.0,0.0,0.0,9.65,0.0,0.0,0.0,0.0,0.0,0.0,test_4,0
2026-09-15 09:49:00.083,3398768,3407188,611844,1380,2097152,0.0,0.0,0.0,0.0,0.0,0.0,0.0,0.0,0.0,0.0,test_4,0
2026-09-15 09:49:01.091,3406832,3415252,603780,1380,2097152,0.0,0.0,0.0,0.5,0.0,0.0,0.0,0.0,0.0,0.0,test_4,0
2026-09-15 09:49:02.100,3414896,3423316,595716,1380,2097152,0.0,0.0,0.0,0.25,0.0,0.0,0.0,0.0,0.0,0.0,test_4,0
2026-09-15 09:49:03.102,3421960,3430380,588652,1380,2097152,0.0,0.0,0.0,0.75,0.0,0.0,0.0,0.0,0.0,0.0,test_4,0
2026-09-15 09:49:04.110,3484736,3493156,525876,1380,2097152,46.63,0.0,0.0,0.25,0.0,0.0,0.0,0.0,0.0,0.0,test_4,0
2026-09-15 09:49:05.117,3488804,3497224,521808,1380,2097152,0.0,0.0,0.0,0.5,0.0,0.0,0.0,0.0,0.0,0.0,test_4,0
2026-09-15 09:49:06.123,3488804,3497224,521808,1380,2097152,0.0,0.0,0.0,0.0,0.0,0.0,0.0,0.0,0.0,0.0,test_4,0
2026-09-15 09:49:07.130,3488804,3497224,521808,1380,2097152,0.0,0.0,0.0,0.5,0.0,0.0,0.0,0.0,0.0,0.0,test_4,0
2026-09-15 09:49:08.136,3488804,3497224,521808,1380,2097152,0.0,0.0,0.0,0.25,0.0,0.0,0.0,0.0,0.0,0.0,test_4,0
2026-09-15 09:49:09.142,3493536,3501956,517076,1380,2097152,0.0,0.0,0.0,0.25,0.0,0.0,0.0,0.0,0.0,0.0,test_4,0
2026-09-15 09:50:58.224,3512244,3520640,498368,1380,2097152,2.98,0.0,0.0,0.25,0.0,0.0,0.0,0.0,0.0,0.0,test_5,0
2026-09-15 09:50:59.244,3512244,3520640,498368,1380,2097152,0.98,0.0,0.0,0.0,0.0,0.0,0.0,0.0,0.0,0.0,test_5,0
2026-09-15 09:51:00.263,3512244,3520640,498368,1380,2097152,0.98,0.0,0.0,0.0,0.0,0.0,0.0,0.0,0.0,0.0,test_5,0
2026-09-15 09:51:01.279,3512244,3520640,498368,1380,2097152,0.0,0.0,0.0,0.25,0.0,0.0,0.0,0.0,0.0,0.0,test_5,0
2026-09-15 09:51:02.290,3463344,3471740,547268,1380,2097152,13835.15,0.0,0.0,2.48,0.0,0.0,0.0,0.0,0.0,0.0,test_5,0
2026-09-15 09:51:03.302,3410928,3419324,599684,1380,2097152,12647.68,0.0,0.0,2.72,0.0,0.0,0.0,0.0,0.0,0.0,test_5,0
2026-09-15 09:51:04.307,3362160,3370556,648452,1380,2097152,12735.47,0.0,0.0,2.24,0.0,0.0,0.0,0.0,0.0,0.0,test_5,0
2026-09-15 09:51:05.317,3338036,3346432,672576,1380,2097152,6325.96,0.0,0.0,0.99,0.0,0.0,0.0,0.0,0.0,0.0,test_5,0
2026-09-15 09:51:06.323,3305712,3314108,704900,1380,2097152,6376.35,0.0,0.0,1.0,0.0,0.0,0.0,0.0,0.0,0.0,test_5,0
2026-09-15 09:51:07.327,3257328,3265724,753284,1380,2097152,12742.75,0.0,0.0,2.73,0.0,0.0,0.0,0.0,0.0,0.0,test_5,0
2026-09-15 09:51:08.351,3208944,3217340,801668,1380,2097152,12504.5,0.0,0.0,1.96,0.0,0.0,0.0,0.0,0.0,0.0,test_5,0
2026-09-15 09:51:09.410,3152112,3160508,858500,1380,2097152,12089.11,0.0,0.0,2.59,0.0,0.0,0.0,0.0,0.0,0.0,test_5,0
2026-09-15 09:51:10.426,3103728,3112124,906884,1380,2097152,12592.76,0.0,0.0,2.22,0.0,0.0,0.0,0.0,0.0,0.0,test_5,0
2026-09-15 09:51:11.472,3055344,3063740,955268,1380,2097152,12240.06,0.0,0.0,2.15,0.0,0.0,0.0,0.0,0.0,0.0,test_5,0
2026-09-15 09:51:12.512,2998512,3006908,1012100,1380,2097152,12312.49,0.0,0.0,2.16,0.0,0.0,0.0,0.0,0.0,0.0,test_5,0
2026-09-15 09:51:13.533,2950128,2958524,1060484,1380,2097152,12533.24,0.0,0.0,1.97,0.0,0.0,0.0,0.0,0.0,0.0,test_5,0
2026-09-15 09:51:14.544,2902012,2910408,1108600,1380,2097152,12669.82,0.0,0.0,2.47,0.0,0.0,0.0,0.0,0.0,0.0,test_5,0
2026-09-15 09:51:15.554,2845564,2853960,1165048,1380,2097152,12669.5,0.0,0.0,1.98,0.0,0.0,0.0,0.0,0.0,0.0,test_5,0
2026-09-15 09:51:16.585,2796276,2804680,1214336,1380,2097152,12416.29,0.0,0.0,2.42,0.0,0.0,0.0,0.0,0.0,0.0,test_5,0
2026-09-15 09:51:17.597,2796276,2804680,1214336,1380,2097152,0.0,0.0,0.0,0.0,0.0,0.0,0.0,0.0,0.0,0.0,test_5,0
2026-09-15 09:51:18.112,2643060,2651464,1367552,1380,2097152,0.0,0.0,0.0,2.44,0.0,0.0,0.0,0.0,0.0,0.0,test_5,0
2026-09-15 09:51:18.610,2747892,2756296,1262720,1380,2097152,12633.63,0.0,0.0,2.7,0.0,28297.12,0.0,0.0,0.0,0.0,test_5,0
2026-09-15 09:51:19.140,2586228,2594632,1424384,1380,2097152,12451.57,0.0,0.0,1.95,0.0,0.0,0.0,0.0,0.0,0.0,test_5,0
2026-09-15 09:51:19.639,2691444,2699848,1319168,1380,2097152,12440.76,0.0,0.0,2.43,0.0,0.0,0.0,0.0,0.0,0.0,test_5,0
2026-09-15 09:51:20.166,2529844,2538248,1480768,1380,2097152,12471.43,0.0,0.0,1.95,0.0,0.0,0.0,0.0,0.0,0.0,test_5,0
2026-09-15 09:51:21.193,2481548,2489952,1529064,1380,2097152,12467.55,0.0,0.0,1.95,0.0,0.0,0.0,0.0,0.0,0.0,test_5,0
2026-09-15 09:51:22.217,2433204,2441608,1577408,1380,2097152,12498.58,0.0,0.0,1.96,0.0,0.0,0.0,0.0,0.0,0.0,test_5,0
2026-09-15 09:51:23.241,2376824,2385228,1633788,1380,2097152,12503.78,0.0,0.0,2.2,0.0,0.0,0.0,0.0,0.0,0.0,test_5,0
2026-09-15 09:51:24.270,2328472,2336876,1682140,1380,2097152,12435.73,0.0,0.0,1.94,0.0,19895.61,0.0,0.0,0.0,0.0,test_5,0
2026-09-15 09:51:25.298,2280144,2288548,1730468,1380,2097152,12458.37,0.0,0.0,2.19,0.0,0.0,0.0,0.0,0.0,0.0,test_5,0
2026-09-15 09:51:26.320,2223564,2231968,1787048,1380,2097152,12524.69,0.0,0.0,2.2,0.0,0.0,0.0,0.0,0.0,0.0,test_5,0
2026-09-15 09:51:27.342,2175180,2183584,1835432,1380,2097152,12524.2,0.0,0.0,1.96,0.0,0.0,0.0,0.0,0.0,0.0,test_5,0
2026-09-15 09:51:28.359,2167188,2175592,1843424,1380,2097152,1094.06,0.0,0.0,0.25,0.0,0.0,0.0,0.0,0.0,0.0,test_5,0
2026-09-15 09:51:29.370,2126796,2135200,1883816,1380,2097152,11561.96,0.0,0.0,2.23,0.0,0.0,0.0,0.0,0.0,0.0,test_5,0
2026-09-15 09:51:30.381,2070388,2078792,1940224,1380,2097152,12669.05,0.0,0.0,2.47,0.0,0.0,0.0,0.0,0.0,0.0,test_5,0
2026-09-15 09:51:31.391,2022048,2030452,1988564,1380,2097152,12668.81,0.0,0.0,2.22,0.0,0.0,0.0,0.0,0.0,0.0,test_5,0
2026-09-15 09:51:32.396,1973704,1982108,2036908,1380,2097152,12735.5,0.0,0.0,2.0,0.0,0.0,0.0,0.0,0.0,0.0,test_5,0
2026-09-15 09:51:33.399,1917132,1925536,2093480,1380,2097152,12762.42,0.0,0.0,2.0,0.0,0.0,0.0,0.0,0.0,0.0,test_5,0
2026-09-15 09:51:34.414,1868776,1877180,2141836,1380,2097152,12611.34,0.0,0.0,1.97,0.0,0.0,0.0,0.0,0.0,0.0,test_5,0
2026-09-15 09:51:35.429,1812352,1820756,2198260,1380,2097152,12619.49,0.0,0.0,1.98,0.0,0.0,0.0,0.0,0.0,0.0,test_5,0
2026-09-15 09:51:36.442,1763968,1772372,2246644,1380,2097152,12632.95,0.0,0.0,1.98,0.0,0.0,0.0,0.0,0.0,0.0,test_5,0
2026-09-15 09:51:37.454,1715584,1723988,2295028,1380,2097152,12647.89,0.0,0.0,1.98,0.0,0.0,0.0,0.0,0.0,0.0,test_5,0
2026-09-15 09:51:38.466,1659136,1667540,2351476,1380,2097152,12643.64,0.0,0.0,1.98,0.0,0.0,0.0,0.0,0.0,0.0,test_5,0
2026-09-15 09:51:39.476,1651144,1659548,2359468,1380,2097152,3755.1,0.0,0.0,0.74,0.0,0.0,0.0,0.0,0.0,0.0,test_5,0
2026-09-15 09:51:40.504,1610752,1619156,2399860,1380,2097152,8762.69,0.0,0.0,1.22,0.0,0.0,0.0,0.0,0.0,0.0,test_5,0
2026-09-15 09:51:41.509,1562368,1570772,2448244,1380,2097152,12739.22,0.0,0.0,2.0,0.0,0.0,0.0,0.0,0.0,0.0,test_5,0
2026-09-15 09:51:42.515,1505920,1514324,2504692,1380,2097152,12727.32,0.0,0.0,2.48,0.0,0.0,0.0,0.0,0.0,0.0,test_5,0
2026-09-15 09:51:43.524,1457536,1465940,2553076,1380,2097152,12687.25,0.0,0.0,1.74,0.0,0.0,0.0,0.0,0.0,0.0,test_5,0
2026-09-15 09:51:44.531,1408644,1417044,2601968,1380,2097152,12709.56,0.0,0.0,2.48,0.0,0.0,0.0,0.0,0.0,0.0,test_5,0
2026-09-15 09:51:45.537,1352196,1360596,2658416,1380,2097152,12724.05,0.0,0.0,1.99,0.0,0.0,0.0,0.0,0.0,0.0,test_5,0
2026-09-15 09:51:46.550,1303812,1312212,2706800,1380,2097152,12636.7,0.0,0.0,1.98,0.0,0.0,0.0,0.0,0.0,0.0,test_5,0
2026-09-15 09:51:47.556,1255428,1263828,2755184,1380,2097152,12724.02,0.0,0.0,1.99,0.0,0.0,0.0,0.0,0.0,0.0,test_5,0
2026-09-15 09:51:48.216,1110340,1118740,2900272,1380,2097152,0.0,0.0,0.0,2.47,0.0,0.0,0.0,0.0,0.0,0.0,test_5,0
2026-09-15 09:51:48.558,1198980,1207380,2811632,1380,2097152,12769.78,0.0,0.0,2.24,0.0,0.0,0.0,0.0,0.0,0.0,test_5,0
2026-09-15 09:51:49.224,1102212,1110612,2908400,1380,2097152,3128.69,0.0,0.0,0.5,0.0,0.0,0.0,0.0,0.0,0.0,test_5,0
2026-09-15 09:51:49.566,1150596,1158996,2860016,1380,2097152,12706.8,0.0,0.0,1.99,0.0,28461.0,0.0,0.0,0.0,0.0,test_5,0
2026-09-15 09:51:50.246,1045764,1054164,2964848,1380,2097152,12523.1,0.0,0.0,2.21,0.0,0.0,0.0,0.0,0.0,0.0,test_5,0
2026-09-15 09:51:51.258,997380,1005780,3013232,1380,2097152,12651.74,0.0,0.0,2.23,0.0,0.0,0.0,0.0,0.0,0.0,test_5,0
2026-09-15 09:51:52.263,948996,957396,3061616,1380,2097152,12739.78,0.0,0.0,2.24,0.0,0.0,0.0,0.0,0.0,0.0,test_5,0
2026-09-15 09:51:53.277,892548,900948,3118064,1380,2097152,12619.19,0.0,0.0,1.98,0.0,20189.13,0.0,0.0,0.0,0.0,test_5,0
2026-09-15 09:51:54.305,844164,852564,3166448,1380,2097152,12448.95,0.0,0.0,2.19,0.0,0.0,0.0,0.0,0.0,0.0,test_5,0
2026-09-15 09:51:55.308,787716,796116,3222896,1380,2097152,12770.3,0.0,0.0,2.24,0.0,0.0,0.0,0.0,0.0,0.0,test_5,0
2026-09-15 09:51:56.313,739332,747732,3271280,1380,2097152,12732.38,0.0,0.0,2.24,0.0,0.0,0.0,0.0,0.0,0.0,test_5,0
2026-09-15 09:51:57.318,690948,699348,3319664,1380,2097152,12736.84,0.0,0.0,2.0,0.0,0.0,0.0,0.0,0.0,0.0,test_5,0
2026-09-15 09:51:58.330,634500,642900,3376112,1380,2097152,12650.36,0.0,0.0,2.47,0.0,0.0,0.0,0.0,0.0,0.0,test_5,0
2026-09-15 09:51:59.351,602384,610784,3408228,1380,2097152,8232.05,0.0,0.0,1.23,0.0,0.0,0.0,0.0,0.0,0.0,test_5,0
2026-09-15 09:52:00.410,570132,578532,3440480,1380,2097152,8031.76,0.0,0.0,1.18,0.0,0.0,0.0,0.0,0.0,0.0,test_5,0
2026-09-15 09:52:01.418,537732,546132,3472880,1380,2097152,8623.49,0.0,0.0,1.49,0.0,0.0,0.0,0.0,0.0,0.0,test_5,0
2026-09-15 09:52:02.436,481284,489684,3529328,1380,2097152,12574.18,0.0,0.0,1.97,0.0,0.0,0.0,0.0,0.0,0.0,test_5,0
2026-09-15 09:52:03.446,432900,441300,3577712,1380,2097152,12675.28,0.0,0.0,2.47,0.0,0.0,0.0,0.0,0.0,0.0,test_5,0
2026-09-15 09:52:04.492,384516,392916,3626096,1380,2097152,12242.99,0.0,0.0,1.91,0.0,0.0,0.0,0.0,0.0,0.0,test_5,0
2026-09-15 09:52:05.498,328068,336468,3682544,1380,2097152,12720.07,0.0,0.0,1.99,0.0,0.0,0.0,0.0,0.0,0.0,test_5,0
2026-09-15 09:52:06.526,279684,288084,3730928,1380,2097152,12447.43,0.0,0.0,2.19,0.0,0.0,0.0,0.0,0.0,0.0,test_5,0
2026-09-15 09:52:07.555,231300,239700,3779312,1380,2097152,12445.35,0.0,0.0,1.95,0.0,0.0,0.0,0.0,0.0,0.0,test_5,0
2026-09-15 09:52:08.590,174852,183252,3835760,1380,2097152,12365.73,0.0,0.0,3.14,0.0,0.0,0.0,0.0,0.0,0.0,test_5,0
2026-09-15 09:52:09.594,126716,135116,3883896,1380,2097152,62000.96,0.0,0.0,8.48,0.0,0.0,0.0,0.0,0.0,0.0,test_5,0
2026-09-15 09:52:10.622,126444,134844,3884168,1380,2097152,151110.88,0.0,0.0,16.83,0.0,0.0,0.0,0.0,0.0,0.0,test_5,0
2026-09-15 09:52:11.625,77184,85580,3933428,1380,2097152,66515.33,0.0,0.0,8.23,0.0,0.0,0.0,0.0,0.0,0.0,test_5,0
2026-09-15 09:52:12.660,77228,85624,3933384,1380,2097152,145744.57,0.0,0.0,14.29,0.0,0.0,0.0,0.0,0.0,0.0,test_5,0
2026-09-15 09:52:13.664,77340,85736,3933272,1380,2097152,113334.05,0.0,0.0,11.19,0.0,0.0,0.0,0.0,0.0,0.0,test_5,0
2026-09-15 09:52:14.715,77260,85656,3933352,1380,2097152,98812.34,0.0,0.0,10.0,0.0,0.0,0.0,0.0,0.0,0.0,test_5,0
2026-09-15 09:52:15.744,77316,85712,3933296,1380,2097152,134523.77,0.0,0.0,15.01,0.0,0.0,0.0,0.0,0.0,0.0,test_5,0
2026-09-15 09:52:16.768,77256,85652,3933356,1380,2097152,77352.17,0.0,0.0,8.8,0.0,0.0,0.0,0.0,0.0,0.0,test_5,0
2026-09-15 09:52:17.789,77396,85792,3933216,1380,2097152,137594.24,0.0,0.0,16.83,0.0,0.0,0.0,0.0,0.0,0.0,test_5,0
2026-09-15 09:52:18.335,78428,86816,3932184,1380,2097152,0.0,0.0,0.0,8.33,0.0,0.0,0.0,0.0,0.0,0.0,test_5,0
2026-09-15 09:52:18.799,85500,93888,3925112,1380,2097152,76337.2,0.0,0.0,7.94,0.0,28376.18,0.0,0.0,0.0,0.0,test_5,0
2026-09-15 09:52:19.340,70500,78888,3940112,1380,2097152,177701.88,0.0,0.0,17.41,0.0,0.0,0.0,0.0,0.0,0.0,test_5,0
2026-09-15 09:52:19.816,70544,78932,3940068,1380,2097152,141662.57,0.0,0.0,17.04,0.0,0.0,0.0,0.0,0.0,0.0,test_5,0
2026-09-15 09:52:20.411,74140,82528,3936472,1380,2097152,36460.47,0.0,0.0,3.75,0.0,0.0,0.0,0.0,0.0,0.0,test_5,0
2026-09-15 09:52:21.431,80080,88468,3930532,1380,2097152,213342.67,0.0,0.0,21.81,0.0,0.0,0.0,0.0,0.0,0.0,test_5,1
2026-09-15 09:52:22.460,85580,93968,3925032,1380,2097152,8799.94,0.0,0.0,0.73,0.0,0.0,0.0,0.0,0.0,0.0,test_5,1
2026-09-15 09:52:23.481,78468,86856,3932144,1380,2097152,204405.01,0.0,0.0,20.0,0.0,0.0,0.0,0.0,0.0,0.0,test_5,1
2026-09-15 09:52:24.553,59832,68220,3950780,1380,2097152,54583.09,0.0,0.0,6.06,0.0,19092.75,0.0,0.0,0.0,0.0,test_5,1
2026-09-15 09:52:25.592,60032,68420,3950580,1380,2097152,153167.92,0.0,0.0,14.66,0.0,0.0,0.0,0.0,0.0,0.0,test_5,1
2026-09-15 09:52:26.603,65312,73800,3945300,1756,2097152,87636.41,0.0,93.01,9.93,0.0,421493.82,0.0,0.0,0.0,0.0,test_5,0
2026-09-15 09:52:27.645,70860,79348,3939752,1756,2097152,123791.33,0.0,0.0,12.44,0.0,0.0,0.0,0.0,0.0,0.0,test_5,0
2026-09-15 09:52:28.651,67064,75560,3943548,1756,2097152,127410.13,0.0,0.0,13.15,0.0,0.0,0.0,0.0,0.0,0.0,test_5,0
2026-09-15 09:52:29.660,67040,75536,3943572,1756,2097152,88613.52,0.0,0.0,8.42,0.0,0.0,0.0,0.0,0.0,0.0,test_5,0
2026-09-15 09:52:30.666,103440,115324,3907172,1756,2097152,159418.69,0.0,0.0,17.33,0.0,0.0,0.0,0.0,0.0,0.0,test_5,0
2026-09-15 09:52:31.675,103604,115488,3907008,1756,2097152,56779.08,0.0,0.0,5.71,0.0,12177.99,0.0,0.0,0.0,0.0,test_5,0
2026-09-15 09:52:32.678,82348,94228,3928264,1756,2097152,185465.0,0.0,0.0,19.25,0.0,0.0,0.0,0.0,0.0,0.0,test_5,0
2026-09-15 09:52:33.706,58148,70028,3952464,1756,2097152,30775.1,0.0,0.0,3.41,0.0,0.0,0.0,0.0,0.0,0.0,test_5,0
2026-09-15 09:52:34.735,58996,70876,3951616,1756,2097152,211501.35,0.0,0.0,20.49,0.0,0.0,0.0,0.0,0.0,0.0,test_5,0
2026-09-15 09:52:35.756,69884,81764,3940728,1756,2097152,3087.26,0.0,0.0,0.25,0.0,0.0,0.0,0.0,0.0,0.0,test_5,0
2026-09-15 09:52:36.785,82536,94416,3928076,1756,2097152,208404.76,0.0,0.0,20.39,0.0,0.0,0.0,0.0,0.0,0.0,test_5,0
2026-09-15 09:52:37.792,82836,94716,3927776,1756,2097152,41873.33,0.0,0.0,3.98,0.0,0.0,0.0,0.0,0.0,0.0,test_5,0
2026-09-15 09:52:38.804,83060,94940,3927552,1756,2097152,173217.93,0.0,0.0,16.75,0.0,0.0,0.0,0.0,0.0,0.0,test_5,0
2026-09-15 09:52:39.807,83784,95664,3926828,1756,2097152,89152.97,0.0,0.0,8.73,0.0,0.0,0.0,0.0,0.0,0.0,test_5,0
2026-09-15 09:52:40.832,84032,95912,3926580,1756,2097152,125060.52,0.0,0.0,12.68,0.0,0.0,0.0,0.0,0.0,0.0,test_5,0
2026-09-15 09:52:41.858,86840,98720,3923772,1756,2097152,119783.15,0.0,0.0,11.46,0.0,0.0,0.0,0.0,0.0,0.0,test_5,0
2026-09-15 09:52:42.867,96192,108072,3914420,1756,2097152,93964.08,0.0,0.0,9.16,0.0,0.0,0.0,0.0,0.0,0.0,test_5,0
2026-09-15 09:52:43.892,95108,106988,3915504,1756,2097152,157523.6,0.0,0.0,15.65,0.0,0.0,0.0,0.0,0.0,0.0,test_5,0
2026-09-15 09:52:44.908,97540,109420,3913072,1756,2097152,55181.23,0.0,0.0,5.42,0.0,0.0,0.0,0.0,0.0,0.0,test_5,0
2026-09-15 09:52:45.932,104192,116072,3906420,1756,2097152,0.0,0.0,0.0,0.0,0.0,0.0,0.0,0.0,0.0,0.0,test_5,0
2026-09-15 09:52:46.934,109816,121696,3900796,1756,2097152,0.0,0.0,0.0,0.0,0.0,0.0,0.0,0.0,0.0,0.0,test_5,0
2026-09-15 09:52:47.954,109816,121696,3900796,1756,2097152,0.0,0.0,0.0,0.0,0.0,0.0,0.0,0.0,0.0,0.0,test_5,0
2026-09-15 09:52:48.351,119048,130928,3891564,1756,2097152,0.0,0.0,0.0,0.49,0.0,0.0,0.0,0.0,0.0,0.0,test_5,0
2026-09-15 09:52:48.961,109816,121696,3900796,1756,2097152,0.0,0.0,0.0,0.0,0.0,0.0,0.0,0.0,0.0,0.0,test_5,0
2026-09-15 09:52:49.366,119048,130928,3891564,1756,2097152,0.0,0.0,0.0,0.0,0.0,0.0,0.0,0.0,0.0,0.0,test_5,0
2026-09-15 09:52:49.965,114740,126620,3895872,1756,2097152,0.0,0.0,0.0,0.0,0.0,0.0,0.0,0.0,0.0,0.0,test_5,0
2026-09-15 09:52:50.381,122816,134696,3887796,1756,2097152,0.0,0.0,0.0,0.0,0.0,0.0,0.0,0.0,0.0,0.0,test_5,0
2026-09-15 09:52:51.384,122816,134696,3887796,1756,2097152,0.0,0.0,0.0,0.25,0.0,0.0,0.0,0.0,0.0,0.0,test_5,0
2026-09-15 09:52:52.390,126112,137992,3884500,1756,2097152,0.0,0.0,0.0,0.0,0.0,0.0,0.0,0.0,0.0,0.0,test_5,0
2026-09-15 09:52:53.402,128868,140748,3881744,1756,2097152,0.0,0.0,0.0,0.0,0.0,0.0,0.0,0.0,0.0,0.0,test_5,0
2026-09-15 09:52:54.406,128996,140876,3881616,1756,2097152,0.0,0.0,0.0,0.0,0.0,20414.5,0.0,0.0,0.0,0.0,test_5,0
2026-09-15 09:52:55.416,128996,140876,3881616,1756,2097152,0.0,0.0,0.0,0.0,0.0,0.0,0.0,0.0,0.0,0.0,test_5,0
2026-09-15 09:52:56.425,131312,142636,3879300,1756,2097152,3.96,0.0,0.0,0.25,1132540.03,0.0,0.0,0.0,0.0,0.0,test_5,0
2026-09-15 09:52:57.429,133392,144716,3877220,1756,2097152,0.0,0.0,0.0,0.0,0.0,0.0,0.0,0.0,0.0,0.0,test_5,0
2026-09-15 09:52:58.435,135124,146448,3875488,1756,2097152,0.0,0.0,0.0,0.0,0.0,0.0,0.0,0.0,0.0,0.0,test_5,0
2026-09-15 09:52:59.439,135124,146448,3875488,1756,2097152,0.0,0.0,0.0,0.0,0.0,0.0,0.0,0.0,0.0,0.0,test_5,0
2026-09-15 09:53:00.442,135000,146320,3875612,1756,2097152,0.0,0.0,0.0,0.0,0.0,12247.99,0.0,0.0,0.0,0.0,test_5,0
2026-09-15 09:53:01.457,135128,146448,3875484,1756,2097152,0.0,0.0,0.0,0.0,0.0,0.0,0.0,0.0,0.0,0.0,test_5,0
2026-09-15 09:53:02.471,135128,146448,3875484,1756,2097152,0.0,0.0,0.0,0.0,0.0,0.0,0.0,0.0,0.0,0.0,test_5,0
2026-09-15 09:53:03.482,3532716,3544036,477896,1756,2097152,50.42,0.0,0.0,10.17,0.0,0.0,0.0,0.0,0.0,0.0,test_5,0
2026-09-15 09:53:04.496,3532716,3544036,477896,1756,2097152,0.0,0.0,0.0,0.25,0.0,0.0,0.0,0.0,0.0,0.0,test_5,0
2026-09-15 09:53:05.509,3554292,3577376,456320,1756,2097152,1.97,0.0,0.0,1.25,0.0,0.0,0.0,0.0,0.0,0.0,test_5,0
2026-09-15 09:53:06.521,3546148,3569380,464464,1756,2097152,0.0,0.0,0.0,1.23,0.0,0.0,0.0,0.0,0.0,0.0,test_5,0
2026-09-15 10:01:37.957,3516208,3502744,494404,1748,2097152,2.99,0.0,0.0,0.0,0.0,4075.84,0.0,0.0,0.0,0.0,test_6,0
2026-09-15 10:01:38.961,3516208,3502744,494404,1748,2097152,1.0,0.0,0.0,0.0,0.0,0.0,0.0,0.0,0.0,0.0,test_6,0
2026-09-15 10:01:39.973,3516208,3502744,494404,1748,2097152,0.99,0.0,0.0,0.49,0.0,0.0,0.0,0.0,0.0,0.0,test_6,0
2026-09-15 10:01:40.981,3516208,3502744,494404,1748,2097152,0.0,0.0,0.0,0.0,0.0,0.0,0.0,0.0,0.0,0.0,test_6,0
2026-09-15 10:01:41.990,3459568,3446104,551044,1748,2097152,13852.56,0.0,0.0,2.98,0.0,0.0,0.0,0.0,0.0,0.0,test_6,0
2026-09-15 10:01:42.998,3411184,3397720,599428,1748,2097152,12698.43,0.0,0.0,2.72,0.0,0.0,0.0,0.0,0.0,0.0,test_6,0
2026-09-15 10:01:44.006,3354736,3341272,655876,1748,2097152,12694.41,0.0,0.0,2.23,0.0,0.0,0.0,0.0,0.0,0.0,test_6,0
2026-09-15 10:01:45.011,3306352,3292888,704260,1748,2097152,12742.62,0.0,0.0,2.24,0.0,0.0,0.0,0.0,0.0,0.0,test_6,0
2026-09-15 10:01:46.014,3298360,3284896,712252,1748,2097152,2837.07,0.0,0.0,0.75,0.0,0.0,0.0,0.0,0.0,0.0,test_6,0
2026-09-15 10:01:47.042,3257584,3244120,753028,1748,2097152,9681.02,0.0,0.0,1.7,0.0,0.0,0.0,0.0,0.0,0.0,test_6,0
2026-09-15 10:01:48.063,3201136,3187672,809476,1748,2097152,12540.99,0.0,0.0,2.21,0.0,0.0,0.0,0.0,0.0,0.0,test_6,0
2026-09-15 10:01:49.070,3152752,3139288,857860,1748,2097152,12706.96,0.0,0.0,2.23,0.0,0.0,0.0,0.0,0.0,0.0,test_6,0
2026-09-15 10:01:50.076,3104368,3090904,906244,1748,2097152,12731.96,0.0,0.0,2.24,0.0,0.0,0.0,0.0,0.0,0.0,test_6,0
2026-09-15 10:01:50.640,2942556,2929092,1068056,1748,2097152,12298.24,0.0,0.0,2.4,0.0,0.0,0.0,0.0,0.0,0.0,test_6,0
2026-09-15 10:01:51.120,3039472,3026008,971140,1748,2097152,12265.15,0.0,0.0,2.16,0.0,0.0,0.0,0.0,0.0,0.0,test_6,0
2026-09-15 10:01:51.672,2884188,2870724,1126424,1748,2097152,12410.89,0.0,0.0,2.42,0.0,0.0,0.0,0.0,0.0,0.0,test_6,0
2026-09-15 10:01:52.123,2991088,2977624,1019524,1748,2097152,12760.68,0.0,0.0,2.24,0.0,32662.25,0.0,0.0,0.0,0.0,test_6,0
2026-09-15 10:01:52.740,2835644,2822236,1174968,1748,2097152,11985.62,0.0,0.0,2.11,0.0,0.0,0.0,0.0,0.0,0.0,test_6,0
2026-09-15 10:01:53.819,2787260,2773852,1223352,1748,2097152,11858.66,0.0,0.0,2.31,0.0,0.0,0.0,0.0,0.0,0.0,test_6,0
2026-09-15 10:01:54.822,2730812,2717404,1279800,1748,2097152,12763.68,0.0,0.0,2.24,0.0,8168.12,0.0,0.0,0.0,0.0,test_6,0
2026-09-15 10:01:55.825,2682492,2669084,1328120,1748,2097152,12770.75,0.0,0.0,2.0,0.0,0.0,0.0,0.0,0.0,0.0,test_6,0
2026-09-15 10:01:56.868,2674532,2661124,1336080,1748,2097152,2161.58,0.0,0.0,0.72,0.0,19631.55,0.0,0.0,0.0,0.0,test_6,0
2026-09-15 10:01:57.913,2626100,2612692,1384512,1748,2097152,10094.01,0.0,0.0,2.15,0.0,0.0,0.0,0.0,0.0,0.0,test_6,0
2026-09-15 10:01:58.954,2577760,2564352,1432852,1748,2097152,12298.42,0.0,0.0,2.16,0.0,0.0,0.0,0.0,0.0,0.0,test_6,0
2026-09-15 10:01:59.994,2529416,2516008,1481196,1748,2097152,12305.74,0.0,0.0,2.17,0.0,0.0,0.0,0.0,0.0,0.0,test_6,0
2026-09-15 10:02:01.036,2472628,2459220,1537984,1748,2097152,12278.59,0.0,0.0,2.16,0.0,0.0,0.0,0.0,0.0,0.0,test_6,0
2026-09-15 10:02:02.066,2424316,2410908,1586296,1748,2097152,12434.64,0.0,0.0,2.42,0.0,0.0,0.0,0.0,0.0,0.0,test_6,0
2026-09-15 10:02:03.069,2375996,2362588,1634616,1748,2097152,12758.58,0.0,0.0,2.24,0.0,0.0,0.0,0.0,0.0,0.0,test_6,0
2026-09-15 10:02:04.080,2319580,2306172,1691032,1748,2097152,12668.96,0.0,0.0,1.98,0.0,0.0,0.0,0.0,0.0,0.0,test_6,0
2026-09-15 10:02:05.113,2271196,2257788,1739416,1748,2097152,12387.7,0.0,0.0,1.94,0.0,0.0,0.0,0.0,0.0,0.0,test_6,0
2026-09-15 10:02:06.142,2218808,2205400,1791804,1748,2097152,12448.52,0.0,0.0,2.66,0.0,0.0,0.0,0.0,0.0,0.0,test_6,0
2026-09-15 10:02:07.156,2154268,2140852,1856344,1748,2097152,12616.28,0.0,0.0,2.22,0.0,0.0,0.0,0.0,0.0,0.0,test_6,0
2026-09-15 10:02:08.164,2105884,2092468,1904728,1748,2097152,12705.22,0.0,0.0,2.23,0.0,0.0,0.0,0.0,0.0,0.0,test_6,0
2026-09-15 10:02:09.192,2089828,2076412,1920784,1748,2097152,3982.66,0.0,0.0,0.24,0.0,0.0,0.0,0.0,0.0,0.0,test_6,0
2026-09-15 10:02:10.194,2049436,2036020,1961176,1748,2097152,8686.03,0.0,0.0,1.74,0.0,20430.67,0.0,0.0,0.0,0.0,test_6,0
2026-09-15 10:02:11.208,2001052,1987636,2009560,1748,2097152,12631.87,0.0,0.0,1.73,0.0,0.0,0.0,0.0,0.0,0.0,test_6,0
2026-09-15 10:02:12.221,1952668,1939252,2057944,1748,2097152,12626.03,0.0,0.0,1.98,0.0,0.0,0.0,0.0,0.0,0.0,test_6,0
2026-09-15 10:02:13.288,1896220,1882804,2114392,1748,2097152,12004.17,0.0,0.0,2.11,0.0,0.0,0.0,0.0,0.0,0.0,test_6,0
2026-09-15 10:02:14.353,1847836,1834420,2162776,1748,2097152,12019.34,0.0,0.0,1.88,0.0,0.0,0.0,0.0,0.0,0.0,test_6,0
2026-09-15 10:02:15.357,1791388,1777972,2219224,1748,2097152,12751.69,0.0,0.0,2.24,0.0,0.0,0.0,0.0,0.0,0.0,test_6,0
2026-09-15 10:02:16.375,1743004,1729588,2267608,1748,2097152,12574.4,0.0,0.0,2.21,0.0,0.0,0.0,0.0,0.0,0.0,test_6,0
2026-09-15 10:02:17.391,1694620,1681204,2315992,1748,2097152,12602.15,0.0,0.0,2.22,0.0,0.0,0.0,0.0,0.0,0.0,test_6,0
2026-09-15 10:02:18.403,1638172,1624756,2372440,1748,2097152,12636.9,0.0,0.0,1.98,0.0,0.0,0.0,0.0,0.0,0.0,test_6,0
2026-09-15 10:02:19.411,1589788,1576372,2420824,1748,2097152,12700.08,0.0,0.0,2.72,0.0,0.0,0.0,0.0,0.0,0.0,test_6,0
2026-09-15 10:02:20.415,1541404,1527988,2469208,1748,2097152,12752.49,0.0,0.0,2.49,0.0,0.0,0.0,0.0,0.0,0.0,test_6,0
2026-09-15 10:02:20.997,1435300,1421876,2575312,1748,2097152,15.61,0.0,0.0,0.49,0.0,0.0,0.0,0.0,0.0,0.0,test_6,0
2026-09-15 10:02:21.426,1483684,1470260,2526928,1748,2097152,12668.78,0.0,0.0,2.23,0.0,44590.61,0.0,0.0,0.0,0.0,test_6,0
2026-09-15 10:02:22.026,1386916,1373492,2623696,1748,2097152,12434.73,0.0,0.0,2.91,0.0,0.0,0.0,0.0,0.0,0.0,test_6,0
2026-09-15 10:02:22.429,1435300,1421876,2575312,1748,2097152,12763.99,0.0,0.0,2.0,0.0,0.0,0.0,0.0,0.0,0.0,test_6,0
2026-09-15 10:02:23.054,1330468,1317044,2680144,1748,2097152,12454.33,0.0,0.0,1.95,0.0,0.0,0.0,0.0,0.0,0.0,test_6,0
2026-09-15 10:02:24.135,1282084,1268660,2728528,1748,2097152,11845.59,0.0,0.0,2.09,0.0,0.0,0.0,0.0,0.0,0.0,test_6,0
2026-09-15 10:02:25.173,1233756,1220276,2776856,1748,2097152,12325.31,0.0,0.0,2.17,0.0,0.0,0.0,0.0,0.0,0.0,test_6,0
2026-09-15 10:02:26.233,1177308,1163828,2833304,1748,2097152,12080.18,0.0,0.0,1.89,0.0,0.0,0.0,0.0,0.0,0.0,test_6,0
2026-09-15 10:02:27.291,1128932,1115444,2881680,1748,2097152,12104.21,0.0,0.0,2.36,0.0,23238.27,0.0,0.0,0.0,0.0,test_6,0
2026-09-15 10:02:28.296,1080548,1067060,2930064,1748,2097152,12731.17,0.0,0.0,2.24,0.0,0.0,0.0,0.0,0.0,0.0,test_6,0
2026-09-15 10:02:29.303,1024100,1010612,2986512,1748,2097152,12709.61,0.0,0.0,2.24,0.0,0.0,0.0,0.0,0.0,0.0,test_6,0
2026-09-15 10:02:30.323,983780,970292,3026832,1748,2097152,12552.03,0.0,0.0,2.21,0.0,0.0,0.0,0.0,0.0,0.0,test_6,0
2026-09-15 10:02:31.338,927332,913844,3083280,1748,2097152,12610.02,0.0,0.0,2.46,0.0,0.0,0.0,0.0,0.0,0.0,test_6,0
2026-09-15 10:02:32.356,878948,865460,3131664,1748,2097152,12573.97,0.0,0.0,1.72,0.0,0.0,0.0,0.0,0.0,0.0,test_6,0
2026-09-15 10:02:33.367,830564,817076,3180048,1748,2097152,12660.48,0.0,0.0,2.22,0.0,4051.04,0.0,0.0,0.0,0.0,test_6,0
2026-09-15 10:02:34.370,798452,784964,3212160,1748,2097152,6785.31,0.0,0.0,1.0,0.0,0.0,0.0,0.0,0.0,0.0,test_6,0
2026-09-15 10:02:35.398,774116,760628,3236496,1748,2097152,5835.82,0.0,0.0,1.46,0.0,0.0,0.0,0.0,0.0,0.0,test_6,0
2026-09-15 10:02:36.426,725732,712244,3284880,1748,2097152,12447.78,0.0,0.0,2.19,0.0,0.0,0.0,0.0,0.0,0.0,test_6,0
2026-09-15 10:02:37.446,677348,663860,3333264,1748,2097152,12554.78,0.0,0.0,2.45,0.0,0.0,0.0,0.0,0.0,0.0,test_6,0
2026-09-15 10:02:38.512,620900,607412,3389712,1748,2097152,12012.51,0.0,0.0,1.88,0.0,0.0,0.0,0.0,0.0,0.0,test_6,0
2026-09-15 10:02:39.514,572516,559028,3438096,1748,2097152,12765.65,0.0,0.0,2.25,0.0,0.0,0.0,0.0,0.0,0.0,test_6,0
2026-09-15 10:02:40.536,524132,510644,3486480,1748,2097152,12527.5,0.0,0.0,2.44,0.0,0.0,0.0,0.0,0.0,0.0,test_6,0
2026-09-15 10:02:41.543,467684,454196,3542928,1748,2097152,12707.74,0.0,0.0,2.23,0.0,0.0,0.0,0.0,0.0,0.0,test_6,0
2026-09-15 10:02:42.552,419300,405812,3591312,1748,2097152,12690.12,0.0,0.0,1.99,0.0,0.0,0.0,0.0,0.0,0.0,test_6,0
2026-09-15 10:02:43.580,370916,357428,3639696,1748,2097152,12460.32,0.0,0.0,2.2,0.0,0.0,0.0,0.0,0.0,0.0,test_6,0
2026-09-15 10:02:44.609,314468,300980,3696144,1748,2097152,12439.64,0.0,0.0,2.43,0.0,0.0,0.0,0.0,0.0,0.0,test_6,0
2026-09-15 10:02:45.614,266084,252596,3744528,1748,2097152,12729.62,0.0,0.0,2.48,0.0,0.0,0.0,0.0,0.0,0.0,test_6,1
2026-09-15 10:02:46.617,250100,236612,3760512,1748,2097152,3235.93,0.0,0.0,0.5,0.0,0.0,0.0,0.0,0.0,0.0,test_6,1
2026-09-15 10:02:47.623,217700,204212,3792912,1748,2097152,9500.26,0.0,0.0,1.74,0.0,0.0,0.0,0.0,0.0,0.0,test_6,1
2026-09-15 10:02:48.630,161252,147764,3849360,1748,2097152,12714.67,0.0,0.0,2.23,0.0,0.0,0.0,0.0,0.0,0.0,test_6,1
2026-09-15 10:02:49.695,117084,103596,3893528,1748,2097152,12013.36,0.0,0.0,2.35,0.0,0.0,0.0,0.0,0.0,0.0,test_6,1
2026-09-15 10:02:50.749,76916,72168,3933696,2556,2097152,12147.2,0.0,183.14,2.85,0.0,800680.68,0.0,0.0,0.0,0.0,test_6,1
2026-09-15 10:02:51.291,10536,56932,4000076,20716,2097152,12690.11,0.0,507.45,12.01,4189410.96,2078498.86,1.26,0.22,1.26,0.22,test_6,0
2026-09-15 10:02:51.808,63152,86744,3947460,2556,2097152,12090.83,0.0,0.0,3.55,0.0,0.0,0.0,0.0,0.0,0.0,test_6,1
2026-09-15 10:02:52.299,35228,84168,3975384,155144,2097152,12700.01,9.91,32989.29,17.04,1981685.42,135124143.84,3.39,0.64,3.39,0.64,test_6,0
2026-09-15 10:02:52.821,30608,64576,3980004,7508,2097152,12641.13,0.0,1150.0,8.13,2373396.96,4710404.53,1.26,0.22,1.26,0.22,test_6,0
2026-09-15 10:02:53.311,74676,129988,3935936,193024,2097152,12652.89,0.0,7991.45,6.88,4048.61,31826110.69,3.39,0.64,3.39,0.64,test_6,0
2026-09-15 10:02:54.320,18780,74044,3991832,193300,2097152,12688.26,0.0,27.75,1.24,247636.09,1043319.25,4.59,0.95,4.59,0.95,test_6,0
2026-09-15 10:02:55.326,0,52836,4010612,210360,2097152,10523.07,0.0,4264.9,3.47,0.0,14651182.99,4.59,0.95,4.59,0.95,test_6,0
2026-09-15 10:02:56.337,54444,109784,3956168,273564,2097152,2191.43,0.0,15599.12,3.69,0.0,66741552.85,4.59,0.95,4.59,0.95,test_6,0
2026-09-15 10:02:57.347,23584,78624,3987028,295104,2097152,12677.87,0.0,5331.95,2.97,624570.45,21839687.43,4.66,1.08,4.66,1.08,test_6,0
2026-09-15 10:02:58.355,43612,97764,3967000,366264,2097152,115265.89,7.94,78743.45,43.06,1759234.88,322533166.5,4.66,1.08,4.66,1.08,test_6,0
2026-09-15 10:02:59.362,42732,96888,3967880,399268,2097152,229913.2,0.0,8191.47,28.43,0.0,33552259.31,6.71,1.57,6.71,1.57,test_6,0
2026-09-15 10:03:00.368,40068,83548,3970544,399252,2097152,138092.64,58.67,0.0,18.45,19046094.09,0.0,6.71,1.57,6.71,1.57,test_6,0
2026-09-15 10:03:01.372,42976,86328,3967636,426760,2097152,53800.31,0.0,6849.43,9.36,0.0,28055271.43,5.5,1.52,5.5,1.52,test_6,0
2026-09-15 10:03:02.405,43256,86544,3967356,426756,2097152,258213.55,0.97,0.0,25.18,142745.19,0.0,5.5,1.52,5.5,1.52,test_6,0
2026-09-15 10:03:03.434,43612,86900,3967000,426756,2097152,160914.34,0.97,0.0,16.87,3977.77,0.0,4.5,1.47,4.5,1.47,test_6,0
2026-09-15 10:03:04.458,43908,87196,3966704,426756,2097152,83335.78,0.0,0.0,8.07,0.0,0.0,4.5,1.47,4.5,1.47,test_6,0
2026-09-15 10:03:05.464,43964,87252,3966648,426756,2097152,245907.18,0.0,0.0,25.31,0.0,20359.63,3.68,1.42,3.68,1.42,test_6,0
2026-09-15 10:03:06.467,44576,87864,3966036,426756,2097152,153242.91,0.0,0.0,15.71,0.0,0.0,3.68,1.42,3.68,1.42,test_6,0
2026-09-15 10:03:07.472,44668,87956,3965944,426756,2097152,83910.12,0.0,0.0,8.93,0.0,0.0,3.01,1.37,3.01,1.37,test_6,0
2026-09-15 10:03:08.483,44624,87912,3965988,426756,2097152,236992.88,0.0,0.0,25.19,0.0,0.0,3.01,1.37,3.01,1.37,test_6,0
2026-09-15 10:03:09.488,51260,94548,3959352,426756,2097152,161751.45,0.0,0.0,16.42,0.0,0.0,2.47,1.33,2.47,1.33,test_6,0
2026-09-15 10:03:10.491,44848,88136,3965764,426756,2097152,77485.56,0.0,0.0,8.98,0.0,0.0,2.47,1.33,2.47,1.33,test_6,0
2026-09-15 10:03:11.511,37152,80440,3973460,426756,2097152,230766.99,0.0,0.0,25.25,0.0,0.0,2.47,1.33,2.47,1.33,test_6,0
2026-09-15 10:03:12.526,45356,88640,3965256,426756,2097152,170854.36,0.0,0.0,21.32,0.0,0.0,2.02,1.28,2.02,1.28,test_6,0
2026-09-15 10:03:13.531,37464,80748,3973148,426756,2097152,19441.14,0.0,0.0,2.49,0.0,0.0,2.02,1.28,2.02,1.28,test_6,0
2026-09-15 10:03:14.546,37388,80672,3973224,426756,2097152,231471.77,0.0,0.0,25.74,0.0,0.0,1.65,1.24,1.65,1.24,test_6,0
2026-09-15 10:03:15.559,37836,81120,3972776,426756,2097152,226185.09,0.0,0.0,25.55,0.0,0.0,1.65,1.24,1.65,1.24,test_6,0
2026-09-15 10:03:16.571,42048,85332,3968564,426756,2097152,2866.05,0.0,0.0,0.5,0.0,0.0,1.35,1.2,1.35,1.2,test_6,0
2026-09-15 10:03:17.576,38684,81968,3971928,426756,2097152,257501.78,0.0,0.0,25.19,0.0,0.0,1.35,1.2,1.35,1.2,test_6,0
2026-09-15 10:03:18.600,38756,82040,3971856,426756,2097152,222335.94,0.0,0.0,24.33,0.0,0.0,1.11,1.16,1.11,1.16,test_6,0
2026-09-15 10:03:19.613,38756,82040,3971856,426756,2097152,0.0,0.0,0.0,0.0,0.0,0.0,1.11,1.16,1.11,1.16,test_6,0
2026-09-15 10:03:20.636,35644,75456,3974968,426756,2097152,236396.37,0.0,0.0,25.0,7022498.33,0.0,0.9,1.12,0.9,1.12,test_6,0
2026-09-15 10:03:21.210,32536,71336,3978076,426756,2097152,259705.37,0.0,0.0,25.62,2215825.18,0.0,0.74,1.08,0.74,1.08,test_6,0
2026-09-15 10:03:21.654,31552,71364,3979060,426756,2097152,240440.98,0.0,0.0,23.41,0.0,0.0,0.9,1.12,0.9,1.12,test_6,0
2026-09-15 10:03:22.215,74144,112884,3936468,453056,2097152,189123.8,0.0,6536.9,22.03,0.0,26775155.86,0.79,1.08,0.79,1.08,test_6,0
2026-09-15 10:03:22.670,35320,75132,3975292,426756,2097152,31693.38,0.0,0.0,2.95,0.0,0.0,0.74,1.08,0.74,1.08,test_6,0
2026-09-15 10:03:23.222,71832,109996,3938780,453056,2097152,38308.54,0.0,0.0,3.99,1204384.43,0.0,0.79,1.08,0.79,1.08,test_6,0
2026-09-15 10:03:24.260,35524,73688,3975088,453056,2097152,230907.65,0.0,0.0,25.24,0.0,0.0,0.79,1.08,0.79,1.08,test_6,0
2026-09-15 10:03:25.266,68748,106876,3941864,453056,2097152,206947.89,0.0,0.0,24.38,0.0,0.0,0.64,1.05,0.64,1.05,test_6,0
2026-09-15 10:03:26.278,68748,106876,3941864,453056,2097152,1313.14,0.0,0.0,0.25,0.0,0.0,0.64,1.05,0.64,1.05,test_6,0
2026-09-15 10:03:27.283,45088,83212,3965524,453364,2097152,186203.54,0.0,76.64,25.31,0.0,411784.27,0.52,1.01,0.52,1.01,test_6,0
2026-09-15 10:03:28.289,47584,85708,3963028,453364,2097152,219890.57,0.0,0.0,25.93,61064.98,16283.99,0.52,1.01,0.52,1.01,test_6,0
2026-09-15 10:03:29.295,50536,88660,3960076,453364,2097152,76314.06,0.0,0.0,9.2,0.0,0.0,0.43,0.98,0.43,0.98,test_6,0
2026-09-15 10:03:30.299,53112,91236,3957500,457140,2097152,148669.49,0.0,940.91,15.5,0.0,3858068.83,0.43,0.98,0.43,0.98,test_6,0
2026-09-15 10:03:31.342,63828,101952,3946784,457140,2097152,267789.61,0.0,0.0,25.89,0.0,0.0,0.35,0.94,0.35,0.94,test_6,0
2026-09-15 10:03:32.349,58260,96384,3952352,457140,2097152,57469.44,0.0,0.0,6.17,0.0,0.0,0.35,0.94,0.35,0.94,test_6,0
2026-09-15 10:03:33.352,50844,88968,3959768,457140,2097152,167226.86,0.0,0.0,18.2,0.0,0.0,0.29,0.91,0.29,0.91,test_6,0
2026-09-15 10:03:34.396,59284,97408,3951328,457140,2097152,264753.59,0.0,0.0,25.89,0.0,0.0,0.29,0.91,0.29,0.91,test_6,0
2026-09-15 10:03:35.451,53328,91452,3957284,457140,2097152,40019.19,0.0,0.0,4.72,0.0,0.0,0.23,0.88,0.23,0.88,test_6,0
2026-09-15 10:03:36.453,51392,89516,3959220,457140,2097152,233175.81,0.0,0.0,22.0,0.0,0.0,0.23,0.88,0.23,0.88,test_6,0
2026-09-15 10:03:37.456,51764,89888,3958848,457140,2097152,252110.44,0.0,0.0,24.07,0.0,0.0,0.19,0.85,0.19,0.85,test_6,0
2026-09-15 10:03:38.472,51764,89888,3958848,457140,2097152,3260.71,0.0,0.0,0.0,0.0,0.0,0.19,0.85,0.19,0.85,test_6,0
2026-09-15 10:03:39.502,51648,89772,3958964,457140,2097152,261293.26,0.0,0.0,25.42,0.0,0.0,0.19,0.85,0.19,0.85,test_6,0
2026-09-15 10:03:40.530,63152,101276,3947460,457140,2097152,208134.01,0.0,0.0,19.85,0.0,0.0,0.15,0.83,0.15,0.83,test_6,0
2026-09-15 10:03:41.533,39212,77336,3971400,457140,2097152,47283.99,0.0,0.0,4.51,0.0,0.0,0.15,0.83,0.15,0.83,test_6,0
2026-09-15 10:03:42.571,43544,81668,3967068,457140,2097152,262287.28,0.0,0.0,25.06,0.0,0.0,0.12,0.8,0.12,0.8,test_6,0
2026-09-15 10:03:43.575,49396,87520,3961216,457140,2097152,166159.93,0.0,0.0,15.5,0.0,0.0,0.12,0.8,0.12,0.8,test_6,0
2026-09-15 10:03:44.585,60936,99060,3949676,457140,2097152,88685.3,0.0,0.0,9.14,0.0,0.0,0.1,0.77,0.1,0.77,test_6,0
2026-09-15 10:03:45.591,61264,99388,3949348,457140,2097152,264988.14,0.0,0.0,25.31,0.0,0.0,0.1,0.77,0.1,0.77,test_6,0
2026-09-15 10:03:46.593,64616,102740,3945996,457140,2097152,129902.58,0.0,0.0,12.47,0.0,0.0,0.08,0.75,0.08,0.75,test_6,0
2026-09-15 10:03:47.600,61040,99164,3949572,457140,2097152,131511.94,0.0,0.0,12.87,0.0,0.0,0.08,0.75,0.08,0.75,test_6,0
2026-09-15 10:03:48.617,61324,99448,3949288,457140,2097152,272685.68,0.0,0.0,25.49,0.0,0.0,0.07,0.72,0.07,0.72,test_6,0
2026-09-15 10:03:49.632,61160,99284,3949452,457140,2097152,75625.63,0.0,0.0,6.91,0.0,0.0,0.07,0.72,0.07,0.72,test_6,0
2026-09-15 10:03:50.644,61288,99412,3949324,457140,2097152,191222.62,0.0,0.0,17.78,0.0,0.0,0.05,0.7,0.05,0.7,test_6,0
2026-09-15 10:03:51.214,58936,97028,3951676,457136,2097152,201938.82,0.97,0.0,24.09,3988.55,19942.75,0.04,0.67,0.04,0.67,test_6,0
2026-09-15 10:03:51.653,53556,91680,3957056,457140,2097152,272415.18,0.0,0.0,25.25,0.0,0.0,0.05,0.7,0.05,0.7,test_6,0
2026-09-15 10:03:52.241,59732,97824,3950880,457136,2097152,259666.8,0.0,0.0,25.12,0.0,0.0,0.04,0.67,0.04,0.67,test_6,0
2026-09-15 10:03:52.660,59832,97956,3950780,457140,2097152,17912.63,0.0,0.0,1.99,0.0,0.0,0.04,0.67,0.04,0.67,test_6,0
2026-09-15 10:03:53.253,64792,102884,3945820,457136,2097152,12195.65,0.0,0.0,1.24,0.0,0.0,0.03,0.65,0.03,0.65,test_6,0
2026-09-15 10:03:54.261,59596,97688,3951016,457136,2097152,245062.94,0.0,0.0,23.63,0.0,0.0,0.03,0.65,0.03,0.65,test_6,0
2026-09-15 10:03:55.265,60712,98804,3949900,457136,2097152,238354.26,0.0,0.0,23.88,0.0,0.0,0.03,0.63,0.03,0.63,test_6,0
2026-09-15 10:03:56.288,100400,138492,3910212,457136,2097152,13914.35,0.0,0.0,1.71,0.0,20034.16,0.03,0.63,0.03,0.63,test_6,0
2026-09-15 10:03:57.291,70236,108328,3940376,457136,2097152,230425.66,0.0,0.0,25.37,0.0,0.0,0.02,0.61,0.02,0.61,test_6,0
2026-09-15 10:03:58.294,17060,55144,3993552,457136,2097152,240386.65,0.0,0.0,25.06,0.0,69453.35,0.02,0.61,0.02,0.61,test_6,0
2026-09-15 10:03:59.307,59684,97768,3950928,457136,2097152,0.0,0.0,0.0,0.25,0.0,0.0,0.02,0.59,0.02,0.59,test_6,0
2026-09-15 10:04:00.313,59880,97964,3950732,457136,2097152,229110.46,0.0,0.0,24.44,0.0,0.0,0.02,0.59,0.02,0.59,test_6,0
2026-09-15 10:04:01.317,60024,98108,3950588,457136,2097152,231499.12,0.0,0.0,25.19,0.0,0.0,0.01,0.57,0.01,0.57,test_6,0
2026-09-15 10:04:02.330,59980,98064,3950632,457136,2097152,23358.4,0.0,0.0,3.19,0.0,0.0,0.01,0.57,0.01,0.57,test_6,0
2026-09-15 10:04:03.339,61988,100072,3948624,457136,2097152,220505.22,0.0,0.0,22.77,0.0,0.0,0.01,0.55,0.01,0.55,test_6,0
2026-09-15 10:04:04.342,61960,100044,3948652,457136,2097152,241368.64,0.0,0.0,25.93,0.0,0.0,0.01,0.55,0.01,0.55,test_6,0
2026-09-15 10:04:05.351,66960,105044,3943652,457136,2097152,21727.82,0.0,0.0,2.71,0.0,0.0,0.01,0.53,0.01,0.53,test_6,0
2026-09-15 10:04:06.360,59584,97668,3951028,457136,2097152,214500.62,0.0,0.0,23.46,0.0,0.0,0.01,0.53,0.01,0.53,test_6,0
2026-09-15 10:04:07.364,59588,97672,3951024,457136,2097152,235746.2,0.0,0.0,25.19,0.0,0.0,0.01,0.53,0.01,0.53,test_6,0
2026-09-15 10:04:08.371,64124,102208,3946488,457136,2097152,33119.46,0.0,0.0,3.72,0.0,0.0,0.0,0.51,0.0,0.51,test_6,0
2026-09-15 10:04:09.374,60704,98788,3949908,457136,2097152,182358.67,0.0,0.0,21.45,0.0,0.0,0.0,0.51,0.0,0.51,test_6,0
2026-09-15 10:04:10.378,60368,98452,3950244,457136,2097152,213066.86,0.0,0.0,25.12,0.0,0.0,0.0,0.5,0.0,0.5,test_6,0
2026-09-15 10:04:11.383,65964,104048,3944648,457136,2097152,89195.1,0.0,0.0,9.93,0.0,0.0,0.0,0.5,0.0,0.5,test_6,0
2026-09-15 10:04:12.388,58700,96784,3951912,457136,2097152,141174.33,0.0,0.0,14.75,0.0,0.0,0.0,0.48,0.0,0.48,test_6,0
2026-09-15 10:04:13.391,58788,96872,3951824,457136,2097152,191778.54,0.0,0.0,25.37,0.0,0.0,0.0,0.48,0.0,0.48,test_6,0
2026-09-15 10:04:14.406,59056,97140,3951556,457136,2097152,149911.72,0.0,0.0,15.76,0.0,0.0,0.0,0.46,0.0,0.46,test_6,0
2026-09-15 10:04:15.419,62160,100244,3948452,457136,2097152,94964.57,0.0,0.0,9.85,0.0,0.0,0.0,0.46,0.0,0.46,test_6,0
2026-09-15 10:04:16.427,54668,92752,3955944,457136,2097152,244704.9,0.0,0.0,25.5,0.0,0.0,0.0,0.45,0.0,0.45,test_6,0
2026-09-15 10:04:17.431,62132,100216,3948480,457136,2097152,143016.18,0.0,0.0,15.31,0.0,0.0,0.0,0.45,0.0,0.45,test_6,0
2026-09-15 10:04:18.446,54140,92224,3956472,457136,2097152,96054.8,0.0,0.0,10.07,0.0,0.0,0.0,0.43,0.0,0.43,test_6,0
2026-09-15 10:04:19.449,62300,100384,3948312,457136,2097152,254244.97,0.0,0.0,25.31,0.0,0.0,0.0,0.43,0.0,0.43,test_6,0
2026-09-15 10:04:20.461,62188,100272,3948424,457136,2097152,132367.3,0.0,0.0,14.11,0.0,0.0,0.0,0.43,0.0,0.43,test_6,0
2026-09-15 10:04:21.001,53040,91124,3957572,457132,2097152,130245.16,0.99,0.0,14.36,4051.83,0.0,0.0,0.4,0.0,0.4,test_6,0
2026-09-15 10:04:21.473,60400,98484,3950212,457136,2097152,100336.96,0.0,0.0,10.59,0.0,0.0,0.0,0.42,0.0,0.42,test_6,0
2026-09-15 10:04:22.012,53976,92060,3956636,457132,2097152,0.0,0.0,0.0,0.25,0.0,0.0,0.0,0.4,0.0,0.4,test_6,0
2026-09-15 10:04:22.479,52844,90928,3957768,457136,2097152,251796.38,0.0,0.0,25.31,0.0,0.0,0.0,0.42,0.0,0.42,test_6,0
2026-09-15 10:04:23.034,53976,92060,3956636,457132,2097152,0.0,0.0,0.0,0.24,0.0,0.0,0.0,0.39,0.0,0.39,test_6,0
2026-09-15 10:04:24.040,53848,91932,3956764,457132,2097152,0.0,0.0,0.0,0.0,0.0,0.0,0.0,0.39,0.0,0.39,test_6,0
2026-09-15 10:04:25.048,61452,99536,3949160,457132,2097152,0.0,0.0,0.0,0.0,0.0,0.0,0.0,0.38,0.0,0.38,test_6,0
2026-09-15 10:04:26.075,61452,99536,3949160,457132,2097152,0.0,0.0,0.0,0.24,0.0,0.0,0.0,0.38,0.0,0.38,test_6,0
2026-09-15 10:04:27.121,67996,106080,3942616,457132,2097152,0.0,0.0,0.0,0.0,0.0,23503.3,0.0,0.36,0.0,0.36,test_6,0
2026-09-15 10:04:28.183,73720,111804,3936892,457132,2097152,0.0,0.0,0.0,0.24,0.0,0.0,0.0,0.36,0.0,0.36,test_6,0
2026-09-15 10:04:29.201,73720,111804,3936892,457132,2097152,0.0,0.0,0.0,0.0,0.0,0.0,0.0,0.35,0.0,0.35,test_6,0
2026-09-15 10:04:30.251,78600,116684,3932012,457132,2097152,0.0,0.0,0.0,0.24,0.0,0.0,0.0,0.35,0.0,0.35,test_6,0
2026-09-15 10:04:31.272,78728,116812,3931884,457132,2097152,0.0,0.0,0.0,0.0,0.0,0.0,0.0,0.34,0.0,0.34,test_6,0
2026-09-15 10:04:32.332,83112,121196,3927500,457132,2097152,0.0,0.0,0.0,0.0,0.0,0.0,0.0,0.34,0.0,0.34,test_6,0
2026-09-15 10:04:33.389,83112,121196,3927500,457132,2097152,0.0,0.0,0.0,0.0,0.0,0.0,0.0,0.33,0.0,0.33,test_6,0
2026-09-15 10:04:34.428,90304,128388,3920308,457132,2097152,0.0,0.0,0.0,0.24,0.0,0.0,0.0,0.33,0.0,0.33,test_6,0
2026-09-15 10:04:35.486,93240,131324,3917372,457132,2097152,0.0,0.0,0.0,0.24,0.0,0.0,0.0,0.32,0.0,0.32,test_6,0
2026-09-15 10:04:36.500,95808,133892,3914804,457132,2097152,0.0,0.0,0.0,0.0,0.0,0.0,0.0,0.32,0.0,0.32,test_6,0
2026-09-15 10:04:37.508,95808,133892,3914804,457132,2097152,0.0,0.0,0.0,0.0,0.0,0.0,0.0,0.32,0.0,0.32,test_6,0
2026-09-15 10:04:38.519,98056,136140,3912556,457132,2097152,0.0,0.0,0.0,0.25,0.0,0.0,0.0,0.31,0.0,0.31,test_6,0
2026-09-15 10:04:39.528,100464,138544,3910148,457112,2097152,5.95,4.96,0.0,0.5,20302.88,0.0,0.0,0.31,0.0,0.31,test_6,0
2026-09-15 10:04:40.532,100464,138544,3910148,457112,2097152,0.0,0.0,0.0,0.0,0.0,0.0,0.0,0.3,0.0,0.3,test_6,0
2026-09-15 10:04:41.584,100464,138544,3910148,457112,2097152,0.0,0.0,0.0,0.0,0.0,0.0,0.0,0.3,0.0,0.3,test_6,0
2026-09-15 10:04:42.613,100464,138544,3910148,457112,2097152,0.0,0.0,0.0,0.0,0.0,0.0,0.0,0.29,0.0,0.29,test_6,0
2026-09-15 10:04:43.658,100464,138544,3910148,457112,2097152,0.0,0.0,0.0,0.24,0.0,0.0,0.0,0.29,0.0,0.29,test_6,0
2026-09-15 10:04:44.701,100464,138544,3910148,457112,2097152,0.0,0.0,0.0,0.0,0.0,0.0,0.0,0.28,0.0,0.28,test_6,0
2026-09-15 10:04:45.705,100464,138544,3910148,457112,2097152,0.0,0.0,0.0,0.0,0.0,0.0,0.0,0.28,0.0,0.28,test_6,0
2026-09-15 10:04:46.713,100464,138544,3910148,457112,2097152,0.0,0.0,0.0,0.25,0.0,0.0,0.0,0.27,0.0,0.27,test_6,0
2026-09-15 10:04:47.738,100464,138544,3910148,457112,2097152,0.0,0.0,0.0,0.0,0.0,0.0,0.0,0.27,0.0,0.27,test_6,0
2026-09-15 10:04:48.766,100464,138544,3910148,457112,2097152,0.0,0.0,0.0,0.0,0.0,0.0,0.0,0.26,0.0,0.26,test_6,0
2026-09-15 10:04:49.788,100464,138544,3910148,457112,2097152,0.0,0.0,0.0,0.0,0.0,0.0,0.0,0.26,0.0,0.26,test_6,0
2026-09-15 10:04:50.803,100464,138544,3910148,457112,2097152,0.0,0.0,0.0,0.49,0.0,0.0,0.0,0.25,0.0,0.25,test_6,0
2026-09-15 10:04:51.304,3607084,3633292,403528,58296,2097152,1854.63,12.92,0.0,3.05,4303088.75,337896.28,0.0,0.24,0.0,0.24,test_6,0
2026-09-15 10:04:51.806,1235316,1273396,2775296,457112,2097152,1.99,3.99,0.0,4.0,16331.45,36745.75,0.0,0.25,0.0,0.25,test_6,0
2026-09-15 10:04:52.314,3607276,3633484,403336,58296,2097152,0.0,0.0,0.0,0.0,0.0,0.0,0.0,0.24,0.0,0.24,test_6,0
2026-09-15 10:04:52.814,3604324,3640920,406288,58356,2097152,955.75,875.44,0.0,9.95,6594965.8,0.0,0.0,0.24,0.0,0.24,test_6,0
2026-09-15 10:04:53.343,3476204,3502412,534408,58296,2097152,0.0,0.0,0.0,0.25,0.0,0.0,0.0,0.23,0.0,0.23,test_6,0
2026-09-15 10:04:54.360,3607444,3633652,403168,58296,2097152,0.0,0.0,0.0,0.25,0.0,0.0,0.0,0.23,0.0,0.23,test_6,0
2026-09-15 10:04:55.372,3607632,3633800,402980,58296,2097152,0.0,0.0,0.0,0.0,0.0,56640.18,0.0,0.22,0.0,0.22,test_6,0
2026-09-15 10:04:56.385,3607760,3633928,402852,58296,2097152,0.0,0.0,0.0,0.5,0.0,0.0,0.0,0.22,0.0,0.22,test_6,0
2026-09-15 10:04:57.394,3607848,3634016,402764,58296,2097152,0.0,0.0,0.0,0.25,0.0,16235.0,0.0,0.22,0.0,0.22,test_6,0
2026-09-15 10:04:58.400,3607948,3634116,402664,58296,2097152,0.0,0.0,0.0,0.5,0.0,0.0,0.0,0.22,0.0,0.22,test_6,0
2026-09-15 10:04:59.403,3607948,3634116,402664,58296,2097152,0.0,0.0,0.0,0.0,0.0,0.0,0.0,0.21,0.0,0.21,test_6,0
2026-09-15 10:05:00.424,3608036,3634204,402576,58296,2097152,0.0,0.0,0.0,0.5,0.0,0.0,0.0,0.21,0.0,0.21,test_6,0
2026-09-15 10:05:01.445,3608112,3634280,402500,58296,2097152,0.0,0.0,0.0,0.24,0.0,0.0,0.0,0.2,0.0,0.2,test_6,0
2026-09-15 10:05:02.465,3608180,3634348,402432,58296,2097152,0.0,0.0,0.0,0.5,0.0,0.0,0.0,0.2,0.0,0.2,test_6,0
2026-09-15 10:05:03.484,3608240,3634408,402372,58296,2097152,0.0,0.0,0.0,0.0,0.0,0.0,0.0,0.2,0.0,0.2,test_6,0
2026-09-15 10:05:04.496,3608292,3634460,402320,58296,2097152,0.0,0.0,0.0,0.25,0.0,0.0,0.0,0.2,0.0,0.2,test_6,0
2026-09-15 10:05:05.501,3639740,3690492,370872,58296,2097152,0.0,0.0,0.0,0.74,0.0,0.0,0.0,0.19,0.0,0.19,test_6,0
2026-09-15 10:05:06.512,3639740,3690492,370872,58296,2097152,0.0,0.0,0.0,0.5,0.0,0.0,0.0,0.19,0.0,0.19,test_6,0
2026-09-15 10:05:07.522,3639740,3690492,370872,58296,2097152,0.0,0.0,0.0,0.25,0.0,0.0,0.0,0.19,0.0,0.19,test_6,0
2026-09-15 10:05:08.528,3639740,3690492,370872,58296,2097152,0.0,0.0,0.0,0.0,0.0,0.0,0.0,0.18,0.0,0.18,test_6,0
2026-09-15 10:05:09.535,3639740,3690492,370872,58296,2097152,0.0,0.0,0.0,0.0,0.0,0.0,0.0,0.18,0.0,0.18,test_6,0
2026-09-15 10:05:10.540,3639740,3690492,370872,58296,2097152,0.0,0.0,0.0,0.0,0.0,0.0,0.0,0.18,0.0,0.18,test_6,0
2026-09-15 10:05:11.559,3639740,3690492,370872,58296,2097152,0.0,0.0,0.0,0.0,0.0,20101.77,0.0,0.18,0.0,0.18,test_6,0
2026-09-15 10:05:12.575,3639740,3690492,370872,58296,2097152,0.0,0.0,0.0,0.0,0.0,0.0,0.0,0.17,0.0,0.17,test_6,0
2026-09-15 10:05:13.577,3639740,3690492,370872,58296,2097152,0.0,0.0,0.0,0.0,0.0,0.0,0.0,0.17,0.0,0.17,test_6,0
2026-09-15 10:05:14.629,3639740,3690492,370872,58296,2097152,0.0,0.0,0.0,0.24,0.0,0.0,0.0,0.16,0.0,0.16,test_6,0
2026-09-15 10:05:15.684,3639740,3690492,370872,58296,2097152,0.0,0.0,0.0,0.0,0.0,0.0,0.0,0.16,0.0,0.16,test_6,0
2026-09-15 10:05:16.741,3639740,3690492,370872,58296,2097152,0.0,0.0,0.0,0.24,0.0,0.0,0.0,0.16,0.0,0.16,test_6,0
2026-09-15 10:05:17.798,3639740,3690492,370872,58296,2097152,0.0,0.0,0.0,0.0,0.0,0.0,0.0,0.16,0.0,0.16,test_6,0
2026-09-15 10:05:18.861,3639740,3690492,370872,58296,2097152,0.0,0.0,0.0,0.0,0.0,0.0,0.0,0.15,0.0,0.15,test_6,0
2026-09-15 10:05:19.880,3639740,3690492,370872,58296,2097152,0.0,0.0,0.0,0.0,0.0,0.0,0.0,0.15,0.0,0.15,test_6,0
2026-09-15 10:05:20.890,3639740,3690492,370872,58296,2097152,0.0,0.0,0.0,0.25,0.0,7409622.95,0.0,0.15,0.0,0.15,test_6,0
2026-09-15 10:05:21.224,3639740,3690492,370872,58296,2097152,4.93,0.0,0.0,0.49,0.0,0.0,0.0,0.14,0.0,0.14,test_6,0
2026-09-15 10:05:21.906,3639740,3690492,370872,58296,2097152,0.0,0.0,0.0,0.0,0.0,0.0,0.0,0.15,0.0,0.15,test_6,0
2026-09-15 10:05:22.232,3639740,3690492,370872,58296,2097152,0.0,0.0,0.0,0.0,0.0,0.0,0.0,0.14,0.0,0.14,test_6,0
2026-09-15 10:05:22.919,3639740,3690492,370872,58296,2097152,0.0,0.0,0.0,0.0,0.0,0.0,0.0,0.14,0.0,0.14,test_6,0
2026-09-15 10:05:23.244,3639740,3690492,370872,58296,2097152,0.0,0.0,0.0,0.0,0.0,0.0,0.0,0.14,0.0,0.14,test_6,0
2026-09-15 10:05:24.248,3639740,3690492,370872,58296,2097152,0.0,0.0,0.0,0.0,0.0,24489.26,0.0,0.14,0.0,0.14,test_6,0
2026-09-15 10:05:25.251,3639740,3690492,370872,58296,2097152,0.0,0.0,0.0,0.0,0.0,20416.6,0.0,0.13,0.0,0.13,test_6,0
2026-09-15 10:05:26.253,3639740,3690492,370872,58296,2097152,0.0,0.0,0.0,0.0,0.0,0.0,0.0,0.13,0.0,0.13,test_6,0
2026-09-15 10:05:27.256,3639740,3690492,370872,58296,2097152,0.0,0.0,0.0,0.0,0.0,0.0,0.0,0.13,0.0,0.13,test_6,0
2026-09-15 10:05:28.259,3639740,3690492,370872,58296,2097152,0.0,0.0,0.0,0.5,0.0,0.0,0.0,0.13,0.0,0.13,test_6,0
2026-09-15 10:05:29.290,3639740,3690492,370872,58296,2097152,0.0,0.0,0.0,0.0,0.0,0.0,0.0,0.12,0.0,0.12,test_6,0
2026-09-15 10:05:30.332,3639740,3690492,370872,58296,2097152,0.0,0.0,0.0,0.0,0.0,0.0,0.0,0.12,0.0,0.12,test_6,0
2026-09-15 10:05:31.347,3639740,3690492,370872,58296,2097152,0.0,0.0,0.0,0.0,0.0,0.0,0.0,0.12,0.0,0.12,test_6,0
2026-09-15 10:05:32.390,3639740,3690492,370872,58296,2097152,0.0,0.0,0.0,0.0,0.0,0.0,0.0,0.12,0.0,0.12,test_6,0
2026-09-15 10:05:33.392,3639740,3690492,370872,58296,2097152,0.0,0.0,0.0,0.0,0.0,0.0,0.0,0.11,0.0,0.11,test_6,0
2026-09-15 10:05:34.429,3632452,3683280,378160,58296,2097152,0.0,0.0,0.0,4.82,0.0,0.0,0.0,0.11,0.0,0.11,test_6,0
2026-09-15 10:05:35.444,3632380,3683176,378232,58296,2097152,0.0,0.0,0.0,0.0,0.0,0.0,0.0,0.11,0.0,0.11,test_6,0
2026-09-15 10:05:36.456,3632380,3683176,378232,58296,2097152,0.0,0.0,0.0,0.49,0.0,0.0,0.0,0.11,0.0,0.11,test_6,0
2026-09-15 10:05:37.460,3632380,3683176,378232,58296,2097152,0.0,0.0,0.0,0.0,0.0,0.0,0.0,0.11,0.0,0.11,test_6,0
2026-09-15 10:05:38.474,3632380,3683176,378232,58296,2097152,0.0,0.0,0.0,0.0,0.0,0.0,0.0,0.11,0.0,0.11,test_6,0
2026-09-15 10:05:39.487,3632380,3683176,378232,58296,2097152,0.0,0.0,0.0,0.0,0.0,0.0,0.0,0.11,0.0,0.11,test_6,0
2026-09-15 10:05:40.523,3632380,3683176,378232,58296,2097152,0.0,0.0,0.0,0.0,0.0,0.0,0.0,0.1,0.0,0.1,test_6,0
2026-09-15 10:05:41.534,3632380,3683176,378232,58296,2097152,0.0,0.0,0.0,0.0,0.0,0.0,0.0,0.1,0.0,0.1,test_6,0
2026-09-15 10:05:42.542,3632380,3683176,378232,58296,2097152,0.0,0.0,0.0,0.25,0.0,0.0,0.0,0.1,0.0,0.1,test_6,0
2026-09-15 10:05:43.578,3632380,3683176,378232,58296,2097152,0.0,0.0,0.0,0.0,0.0,0.0,0.0,0.1,0.0,0.1,test_6,0
2026-09-15 10:05:44.585,3632380,3683176,378232,58296,2097152,0.0,0.0,0.0,0.0,0.0,0.0,0.0,0.09,0.0,0.09,test_6,0
2026-09-15 10:05:45.602,3632380,3683176,378232,58296,2097152,0.0,0.0,0.0,0.0,0.0,0.0,0.0,0.09,0.0,0.09,test_6,0
2026-09-15 10:05:46.608,3632380,3683176,378232,58296,2097152,0.0,0.0,0.0,0.25,0.0,0.0,0.0,0.09,0.0,0.09,test_6,0
2026-09-15 10:05:47.632,3630004,3678568,380608,58296,2097152,17.58,0.0,0.0,0.49,0.0,0.0,0.0,0.09,0.0,0.09,test_6,0
2026-09-15 10:05:48.655,3630004,3678568,380608,58296,2097152,0.0,0.0,0.0,0.0,0.0,0.0,0.0,0.09,0.0,0.09,test_6,0
2026-09-15 10:05:49.659,3630004,3678568,380608,58296,2097152,0.0,0.0,0.0,0.0,0.0,0.0,0.0,0.09,0.0,0.09,test_6,0
2026-09-15 10:05:50.679,3630004,3678568,380608,58296,2097152,0.0,0.0,0.0,0.0,0.0,0.0,0.0,0.08,0.0,0.08,test_6,0
2026-09-15 10:05:51.305,3630060,3678568,380552,58296,2097152,5.91,0.0,0.0,0.25,0.0,20184.53,0.0,0.08,0.0,0.08,test_6,0
2026-09-15 10:05:51.682,3630004,3678568,380608,58296,2097152,0.0,0.0,0.0,0.25,0.0,69416.03,0.0,0.08,0.0,0.08,test_6,0
2026-09-15 10:05:52.308,3630060,3678568,380552,58296,2097152,0.0,0.0,0.0,0.0,0.0,0.0,0.0,0.08,0.0,0.08,test_6,0
2026-09-15 10:05:52.697,3630060,3678568,380552,58296,2097152,0.0,0.0,0.0,0.0,0.0,0.0,0.0,0.08,0.0,0.08,test_6,0
2026-09-15 10:05:53.313,3630060,3678568,380552,58296,2097152,0.0,0.0,0.0,0.0,0.0,0.0,0.0,0.08,0.0,0.08,test_6,0
2026-09-15 10:05:54.320,3630060,3678568,380552,58296,2097152,0.0,0.0,0.0,0.0,0.0,0.0,0.0,0.08,0.0,0.08,test_6,0
2026-09-15 10:05:55.336,3630060,3678568,380552,58296,2097152,0.0,0.0,0.0,0.0,0.0,0.0,0.0,0.08,0.0,0.08,test_6,0
2026-09-15 10:05:56.353,3630060,3678568,380552,58296,2097152,0.0,0.0,0.0,0.0,0.0,0.0,0.0,0.08,0.0,0.08,test_6,0
2026-09-15 10:05:57.387,3630060,3678568,380552,58296,2097152,0.0,0.0,0.0,0.24,0.0,23754.05,0.0,0.07,0.0,0.07,test_6,0
2026-09-15 10:05:58.408,3630060,3678568,380552,58296,2097152,0.0,0.0,0.0,0.0,0.0,0.0,0.0,0.07,0.0,0.07,test_6,0
2026-09-15 10:05:59.443,3630060,3678568,380552,58296,2097152,0.0,0.0,0.0,0.24,0.0,0.0,0.0,0.07,0.0,0.07,test_6,0
2026-09-15 10:06:00.477,3630060,3678568,380552,58296,2097152,0.0,0.0,0.0,0.0,0.0,0.0,0.0,0.07,0.0,0.07,test_6,0
2026-09-15 10:06:01.495,3630060,3678568,380552,58296,2097152,0.0,0.0,0.0,0.25,0.0,0.0,0.0,0.07,0.0,0.07,test_6,0
2026-09-15 10:06:02.528,3630060,3678568,380552,58296,2097152,0.0,0.0,0.0,0.0,0.0,0.0,0.0,0.07,0.0,0.07,test_6,0
2026-09-15 10:06:03.553,3630060,3678568,380552,58296,2097152,0.0,0.0,0.0,0.0,0.0,0.0,0.0,0.06,0.0,0.06,test_6,0
2026-09-15 10:06:04.574,3630060,3678568,380552,58296,2097152,0.0,0.0,0.0,0.0,0.0,0.0,0.0,0.06,0.0,0.06,test_6,0
2026-09-15 10:06:05.584,3630060,3678568,380552,58296,2097152,0.0,0.0,0.0,0.49,0.0,0.0,0.0,0.06,0.0,0.06,test_6,0
2026-09-15 10:06:06.590,3630060,3678568,380552,58296,2097152,0.0,0.0,0.0,0.0,0.0,0.0,0.0,0.06,0.0,0.06,test_6,0
2026-09-15 10:06:07.595,3630060,3678568,380552,58296,2097152,0.0,0.0,0.0,0.0,0.0,0.0,0.0,0.06,0.0,0.06,test_6,0
2026-09-15 10:06:08.607,3630060,3678568,380552,58296,2097152,0.0,0.0,0.0,0.0,0.0,0.0,0.0,0.06,0.0,0.06,test_6,0
2026-09-15 10:06:09.679,3630060,3678568,380552,58296,2097152,0.0,0.0,0.0,0.23,0.0,0.0,0.0,0.06,0.0,0.06,test_6,0
2026-09-15 10:06:10.708,3630060,3678568,380552,58296,2097152,0.0,0.0,0.0,0.0,0.0,0.0,0.0,0.06,0.0,0.06,test_6,0
2026-09-15 10:06:11.742,3630060,3678568,380552,58296,2097152,0.0,0.0,0.0,0.0,0.0,0.0,0.0,0.06,0.0,0.06,test_6,0
2026-09-15 10:06:12.770,3630060,3678568,380552,58296,2097152,0.0,0.0,0.0,0.0,0.0,0.0,0.0,0.05,0.0,0.05,test_6,0
2026-09-15 10:06:13.791,3630060,3678568,380552,58296,2097152,0.0,0.0,0.0,0.0,0.0,0.0,0.0,0.05,0.0,0.05,test_6,0
2026-09-15 10:06:14.819,3630060,3678568,380552,58296,2097152,0.0,0.0,0.0,0.49,0.0,0.0,0.0,0.05,0.0,0.05,test_6,0
2026-09-15 10:06:15.825,3630068,3678568,380544,58296,2097152,0.0,0.0,0.0,0.25,0.0,8143.37,0.0,0.05,0.0,0.05,test_6,0
2026-09-15 10:06:16.854,3630068,3678568,380544,58296,2097152,0.0,0.0,0.0,0.0,0.0,0.0,0.0,0.05,0.0,0.05,test_6,0
2026-09-15 10:06:17.857,3630068,3678568,380544,58296,2097152,0.0,0.0,0.0,0.0,0.0,0.0,0.0,0.05,0.0,0.05,test_6,0
2026-09-15 10:06:18.880,3630068,3678568,380544,58296,2097152,0.0,0.0,0.0,0.24,0.0,0.0,0.0,0.05,0.0,0.05,test_6,0
2026-09-15 10:06:19.905,3630068,3678568,380544,58296,2097152,0.0,0.0,0.0,0.0,0.0,0.0,0.0,0.05,0.0,0.05,test_6,0
2026-09-15 10:06:20.934,3630068,3678568,380544,58296,2097152,0.0,0.0,0.0,0.0,0.0,19895.1,0.0,0.05,0.0,0.05,test_6,0
2026-09-15 10:06:21.559,3630104,3678568,380508,58296,2097152,5.98,0.0,0.0,0.25,0.0,0.0,0.0,0.04,0.0,0.04,test_6,0
2026-09-15 10:06:21.961,3630104,3678568,380508,58296,2097152,0.0,0.0,0.0,0.0,0.0,47877.46,0.0,0.05,0.0,0.05,test_6,0
2026-09-15 10:06:22.633,3630104,3678568,380508,58296,2097152,0.0,0.0,0.0,0.0,0.0,0.0,0.0,0.04,0.0,0.04,test_6,0
2026-09-15 10:06:23.000,3630104,3678568,380508,58296,2097152,0.0,0.0,0.0,0.24,0.0,0.0,0.0,0.04,0.0,0.04,test_6,0
2026-09-15 10:06:23.639,3630104,3678568,380508,58296,2097152,0.0,0.0,0.0,0.25,0.0,0.0,0.0,0.04,0.0,0.04,test_6,0
2026-09-15 10:06:24.646,3630104,3678568,380508,58296,2097152,0.0,0.0,0.0,0.0,0.0,0.0,0.0,0.04,0.0,0.04,test_6,0
2026-09-15 10:06:25.675,3630104,3678568,380508,58296,2097152,0.0,0.0,0.0,0.0,0.0,0.0,0.0,0.04,0.0,0.04,test_6,0
2026-09-15 10:06:26.701,3630104,3678568,380508,58296,2097152,0.0,0.0,0.0,0.0,0.0,19950.76,0.0,0.04,0.0,0.04,test_6,0
2026-09-15 10:06:27.714,3630104,3678568,380508,58296,2097152,0.0,0.0,0.0,0.0,0.0,0.0,0.0,0.04,0.0,0.04,test_6,0
2026-09-15 10:06:28.735,3630104,3678568,380508,58296,2097152,0.0,0.0,0.0,0.0,0.0,0.0,0.0,0.04,0.0,0.04,test_6,0
2026-09-15 10:06:29.763,3630104,3678568,380508,58296,2097152,0.0,0.0,0.0,0.0,0.0,0.0,0.0,0.04,0.0,0.04,test_6,0
2026-09-15 10:06:30.775,3630104,3678568,380508,58296,2097152,0.0,0.0,0.0,0.0,0.0,0.0,0.0,0.04,0.0,0.04,test_6,0
2026-09-15 10:06:31.803,3630104,3678568,380508,58296,2097152,0.0,0.0,0.0,0.0,0.0,0.0,0.0,0.04,0.0,0.04,test_6,0
2026-09-15 10:06:32.828,3630104,3678568,380508,58296,2097152,0.0,0.0,0.0,0.0,0.0,0.0,0.0,0.04,0.0,0.04,test_6,0
2026-09-15 10:06:33.833,3630104,3678568,380508,58296,2097152,0.0,0.0,0.0,0.0,0.0,0.0,0.0,0.03,0.0,0.03,test_6,0
2026-09-15 10:06:34.862,3630104,3678568,380508,58296,2097152,0.0,0.0,0.0,0.24,0.0,0.0,0.0,0.03,0.0,0.03,test_6,0
2026-09-15 10:06:35.891,3630104,3678568,380508,58296,2097152,0.0,0.0,0.0,0.24,0.0,0.0,0.0,0.03,0.0,0.03,test_6,0
2026-09-15 10:06:36.906,3630104,3678568,380508,58296,2097152,0.0,0.0,0.0,0.0,0.0,0.0,0.0,0.03,0.0,0.03,test_6,0
2026-09-15 10:06:37.935,3630104,3678568,380508,58296,2097152,0.0,0.0,0.0,0.24,0.0,0.0,0.0,0.03,0.0,0.03,test_6,0
2026-09-15 10:06:38.989,3630104,3678568,380508,58296,2097152,0.0,0.0,0.0,0.0,0.0,0.0,0.0,0.03,0.0,0.03,test_6,0
2026-09-15 10:06:40.020,3630104,3678568,380508,58296,2097152,0.0,0.0,0.0,0.0,0.0,0.0,0.0,0.03,0.0,0.03,test_6,0
2026-09-15 10:06:41.051,3630104,3678568,380508,58296,2097152,0.0,0.0,0.0,0.0,0.0,0.0,0.0,0.03,0.0,0.03,test_6,0
2026-09-15 10:06:42.079,3630104,3678568,380508,58296,2097152,0.0,0.0,0.0,0.24,0.0,0.0,0.0,0.03,0.0,0.03,test_6,0
2026-09-15 10:06:43.135,3630104,3678568,380508,58292,2097152,0.95,0.95,0.0,0.47,3879.58,0.0,0.0,0.03,0.0,0.03,test_6,0
2026-09-15 10:06:44.171,3630104,3678568,380508,58292,2097152,0.0,0.0,0.0,0.0,0.0,0.0,0.0,0.03,0.0,0.03,test_6,0
2026-09-15 10:06:45.174,3630104,3678568,380508,58292,2097152,0.0,0.0,0.0,0.0,0.0,0.0,0.0,0.03,0.0,0.03,test_6,0
2026-09-15 10:06:46.209,3630104,3678568,380508,58292,2097152,0.0,0.0,0.0,0.0,0.0,0.0,0.0,0.03,0.0,0.03,test_6,0
2026-09-15 10:06:47.238,3630104,3678568,380508,58292,2097152,0.0,0.0,0.0,0.0,0.0,0.0,0.0,0.03,0.0,0.03,test_6,0
2026-09-15 10:06:48.274,3630104,3678568,380508,58292,2097152,0.0,0.0,0.0,0.0,0.0,0.0,0.0,0.03,0.0,0.03,test_6,0
2026-09-15 10:06:49.286,3630104,3678568,380508,58292,2097152,0.0,0.0,0.0,0.25,0.0,20253.62,0.0,0.02,0.0,0.02,test_6,0
2026-09-15 10:06:50.314,3630104,3678568,380508,58292,2097152,0.0,0.0,0.0,0.0,0.0,0.0,0.0,0.02,0.0,0.02,test_6,0
2026-09-15 10:06:51.343,3630104,3678568,380508,58292,2097152,0.0,0.0,0.0,0.24,0.0,0.0,0.0,0.02,0.0,0.02,test_6,0
2026-09-15 10:06:51.889,3630116,3678568,380496,58292,2097152,5.86,0.0,0.0,0.0,0.0,0.0,0.0,0.02,0.0,0.02,test_6,0
2026-09-15 10:06:52.371,3630104,3678568,380508,58292,2097152,0.0,0.0,0.0,0.0,0.0,23908.12,0.0,0.02,0.0,0.02,test_6,0
2026-09-15 10:06:52.894,3630116,3678568,380496,58292,2097152,0.0,0.0,0.0,0.25,0.0,0.0,0.0,0.02,0.0,0.02,test_6,0
2026-09-15 10:06:53.390,3630116,3678568,380496,58292,2097152,0.0,0.0,0.0,0.0,0.0,0.0,0.0,0.02,0.0,0.02,test_6,0
2026-09-15 10:06:53.921,3630116,3678568,380496,58292,2097152,0.0,0.0,0.0,0.0,0.0,0.0,0.0,0.02,0.0,0.02,test_6,0
2026-09-15 10:06:54.924,3630116,3678568,380496,58292,2097152,0.0,0.0,0.0,0.0,0.0,4082.82,0.0,0.02,0.0,0.02,test_6,0
2026-09-15 10:06:55.941,3630116,3678568,380496,58292,2097152,0.0,0.0,0.0,0.0,0.0,0.0,0.0,0.02,0.0,0.02,test_6,0
2026-09-15 10:06:56.984,3627048,3675576,383564,58292,2097152,0.0,0.0,0.0,0.48,0.0,0.0,0.0,0.02,0.0,0.02,test_6,0
2026-09-15 10:06:58.014,3626960,3675456,383652,58292,2097152,0.0,0.0,0.0,0.0,0.0,23875.52,0.0,0.02,0.0,0.02,test_6,0
2026-09-15 10:06:59.049,3626960,3675456,383652,58292,2097152,0.0,0.0,0.0,0.24,0.0,0.0,0.0,0.02,0.0,0.02,test_6,0
2026-09-15 10:07:00.086,3626960,3675456,383652,58292,2097152,0.0,0.0,0.0,0.0,0.0,0.0,0.0,0.02,0.0,0.02,test_6,0
2026-09-15 10:07:01.110,3626960,3675456,383652,58292,2097152,0.0,0.0,0.0,0.24,0.0,0.0,0.0,0.02,0.0,0.02,test_6,0
2026-09-15 10:07:02.121,3626960,3675456,383652,58292,2097152,0.0,0.0,0.0,0.0,0.0,0.0,0.0,0.02,0.0,0.02,test_6,0
2026-09-15 10:07:03.127,3626960,3675456,383652,58292,2097152,0.0,0.0,0.0,0.0,0.0,0.0,0.0,0.02,0.0,0.02,test_6,0
2026-09-15 10:07:04.158,3626960,3675456,383652,58292,2097152,0.0,0.0,0.0,0.48,0.0,0.0,0.0,0.02,0.0,0.02,test_6,0
2026-09-15 10:07:05.183,3626960,3675456,383652,58292,2097152,0.0,0.0,0.0,0.0,0.0,0.0,0.0,0.02,0.0,0.02,test_6,0
2026-09-15 10:09:18.099,3606200,3637256,404412,53480,2097152,2.88,0.0,0.0,0.24,0.0,0.0,0.0,0.0,0.0,0.0,test_7,0
2026-09-15 10:09:19.137,3605956,3637016,404656,53480,2097152,1.93,0.0,0.0,0.0,0.0,0.0,0.0,0.0,0.0,0.0,test_7,0
2026-09-15 10:09:20.154,3605956,3637016,404656,53480,2097152,0.0,0.0,0.0,0.0,0.0,0.0,0.0,0.0,0.0,0.0,test_7,0
2026-09-15 10:09:21.189,3605956,3637016,404656,53476,2097152,0.97,0.97,0.0,0.0,3954.53,0.0,0.0,0.0,0.0,0.0,test_7,0
2026-09-15 10:09:21.679,3501016,3532064,509596,53384,2097152,3368.86,0.0,0.0,1.24,0.0,0.0,0.0,0.0,0.0,0.0,test_7,0
2026-09-15 10:09:22.192,3549768,3580820,460844,53384,2097152,13941.45,7.98,0.0,3.72,32675.3,0.0,0.0,0.0,0.0,0.0,test_7,0
2026-09-15 10:09:22.746,3444568,3475616,566044,53384,2097152,12001.05,0.0,0.0,2.35,0.0,0.0,0.0,0.0,0.0,0.0,test_7,0
2026-09-15 10:09:23.195,3509148,3540200,501464,53384,2097152,9388.68,0.0,0.0,1.75,0.0,0.0,0.0,0.0,0.0,0.0,test_7,0
2026-09-15 10:09:23.819,3396184,3427232,614428,53384,2097152,11933.04,0.0,0.0,2.1,0.0,30546.2,0.0,0.0,0.0,0.0,test_7,0
2026-09-15 10:09:24.830,3340240,3371288,670372,53384,2097152,12658.35,0.0,0.0,2.48,0.0,0.0,0.0,0.0,0.0,0.0,test_7,0
2026-09-15 10:09:25.856,3291856,3322904,718756,53384,2097152,12477.96,0.0,0.0,2.68,0.0,0.0,0.0,0.0,0.0,0.0,test_7,0
2026-09-15 10:09:26.867,3243472,3274520,767140,53384,2097152,12660.52,0.0,0.0,2.72,0.0,0.0,0.0,0.0,0.0,0.0,test_7,0
2026-09-15 10:09:27.880,3186640,3217688,823972,53384,2097152,12642.89,0.0,0.0,2.72,0.0,20227.05,0.0,0.0,0.0,0.0,test_7,0
2026-09-15 10:09:28.882,3138256,3169304,872356,53384,2097152,12765.39,0.0,0.0,2.25,0.0,0.0,0.0,0.0,0.0,0.0,test_7,0
2026-09-15 10:09:29.888,3081812,3112856,928800,53384,2097152,12730.95,0.0,0.0,2.24,0.0,0.0,0.0,0.0,0.0,0.0,test_7,0
2026-09-15 10:09:30.952,3033428,3064472,977184,53384,2097152,12033.41,0.0,0.0,2.11,0.0,0.0,0.0,0.0,0.0,0.0,test_7,0
2026-09-15 10:09:31.999,2985044,3016088,1025568,53384,2097152,12219.26,0.0,0.0,2.39,0.0,0.0,0.0,0.0,0.0,0.0,test_7,0
2026-09-15 10:09:33.068,2928596,2959640,1082016,53384,2097152,11971.62,0.0,0.0,2.11,0.0,0.0,0.0,0.0,0.0,0.0,test_7,0
2026-09-15 10:09:34.072,2880212,2911256,1130400,53384,2097152,12758.34,0.0,0.0,2.0,0.0,0.0,0.0,0.0,0.0,0.0,test_7,0
2026-09-15 10:09:35.139,2831828,2862872,1178784,53384,2097152,11991.05,0.0,0.0,2.58,0.0,0.0,0.0,0.0,0.0,0.0,test_7,0
2026-09-15 10:09:36.144,2831840,2862884,1178772,53384,2097152,0.0,0.0,0.0,0.0,0.0,0.0,0.0,0.0,0.0,0.0,test_7,0
2026-09-15 10:09:37.147,2775436,2806480,1235176,53384,2097152,12760.81,0.0,0.0,2.49,0.0,0.0,0.0,0.0,0.0,0.0,test_7,0
2026-09-15 10:09:38.201,2727092,2758136,1283520,53384,2097152,12140.48,0.0,0.0,2.14,0.0,0.0,0.0,0.0,0.0,0.0,test_7,0
2026-09-15 10:09:39.204,2678740,2709784,1331872,53384,2097152,12761.78,0.0,0.0,2.49,0.0,0.0,0.0,0.0,0.0,0.0,test_7,0
2026-09-15 10:09:40.261,2622320,2653364,1388292,53384,2097152,12117.96,0.0,0.0,2.13,0.0,0.0,0.0,0.0,0.0,0.0,test_7,0
2026-09-15 10:09:41.265,2565896,2596940,1444716,53384,2097152,12745.11,0.0,0.0,2.48,0.0,0.0,0.0,0.0,0.0,0.0,test_7,0
2026-09-15 10:09:42.268,2517512,2548556,1493100,53384,2097152,12761.67,0.0,0.0,2.0,0.0,0.0,0.0,0.0,0.0,0.0,test_7,0
2026-09-15 10:09:43.302,2469128,2500172,1541484,53384,2097152,12384.09,0.0,0.0,2.18,0.0,0.0,0.0,0.0,0.0,0.0,test_7,0
2026-09-15 10:09:44.311,2412404,2443468,1598208,53384,2097152,12685.39,0.0,0.0,2.48,0.0,0.0,0.0,0.0,0.0,0.0,test_7,0
2026-09-15 10:09:45.323,2364020,2395084,1646592,53384,2097152,12645.29,0.0,0.0,2.22,0.0,0.0,0.0,0.0,0.0,0.0,test_7,0
2026-09-15 10:09:46.327,2307572,2338636,1703040,53384,2097152,12754.38,0.0,0.0,2.24,0.0,0.0,0.0,0.0,0.0,0.0,test_7,0
2026-09-15 10:09:47.380,2307572,2338636,1703040,53384,2097152,36.1,0.0,0.0,0.0,0.0,0.0,0.0,0.0,0.0,0.0,test_7,0
2026-09-15 10:09:48.388,2251124,2282188,1759488,53384,2097152,12651.81,0.0,0.0,2.24,0.0,0.0,0.0,0.0,0.0,0.0,test_7,0
2026-09-15 10:09:49.395,2202740,2233804,1807872,53384,2097152,12715.79,0.0,0.0,2.72,0.0,0.0,0.0,0.0,0.0,0.0,test_7,0
2026-09-15 10:09:50.400,2154356,2185420,1856256,53384,2097152,12744.19,0.0,0.0,2.0,0.0,0.0,0.0,0.0,0.0,0.0,test_7,0
2026-09-15 10:09:51.402,2097908,2128972,1912704,53384,2097152,12766.0,0.0,0.0,2.24,0.0,0.0,0.0,0.0,0.0,0.0,test_7,0
2026-09-15 10:09:52.406,2049524,2080588,1961088,53384,2097152,12753.23,0.0,0.0,2.24,0.0,0.0,0.0,0.0,0.0,0.0,test_7,0
2026-09-15 10:09:53.409,2001140,2032204,2009472,53384,2097152,12760.54,0.0,0.0,2.24,0.0,0.0,0.0,0.0,0.0,0.0,test_7,0
2026-09-15 10:09:54.436,1944692,1975756,2065920,53384,2097152,12471.08,0.0,0.0,1.96,0.0,0.0,0.0,0.0,0.0,0.0,test_7,0
2026-09-15 10:09:55.456,1896308,1927372,2114304,53384,2097152,12547.89,0.0,0.0,2.44,0.0,0.0,0.0,0.0,0.0,0.0,test_7,0
2026-09-15 10:09:56.467,1847924,1878988,2162688,53384,2097152,12662.86,0.0,0.0,1.99,0.0,0.0,0.0,0.0,0.0,0.0,test_7,0
2026-09-15 10:09:57.469,1815808,1846872,2194804,53384,2097152,8445.02,0.0,0.0,1.75,0.0,0.0,0.0,0.0,0.0,0.0,test_7,0
2026-09-15 10:09:58.484,1799540,1830604,2211072,53384,2097152,4270.49,0.0,0.0,0.99,0.0,12105.15,0.0,0.0,0.0,0.0,test_7,0
2026-09-15 10:09:59.512,1743092,1774156,2267520,53384,2097152,12458.61,0.0,0.0,2.19,0.0,0.0,0.0,0.0,0.0,0.0,test_7,0
2026-09-15 10:10:00.516,1694708,1725772,2315904,53384,2097152,12748.6,0.0,0.0,2.49,0.0,0.0,0.0,0.0,0.0,0.0,test_7,0
2026-09-15 10:10:01.525,1646324,1677388,2364288,53384,2097152,12689.27,0.0,0.0,1.99,0.0,0.0,0.0,0.0,0.0,0.0,test_7,0
2026-09-15 10:10:02.544,1589876,1620940,2420736,53384,2097152,12564.03,0.0,0.0,2.21,0.0,0.0,0.0,0.0,0.0,0.0,test_7,0
2026-09-15 10:10:03.561,1541492,1572556,2469120,53384,2097152,12587.49,0.0,0.0,2.45,0.0,0.0,0.0,0.0,0.0,0.0,test_7,0
2026-09-15 10:10:04.576,1493108,1524172,2517504,53384,2097152,12605.05,0.0,0.0,2.22,0.0,0.0,0.0,0.0,0.0,0.0,test_7,0
2026-09-15 10:10:05.588,1436660,1467724,2573952,53384,2097152,12656.84,0.0,0.0,2.48,0.0,0.0,0.0,0.0,0.0,0.0,test_7,0
2026-09-15 10:10:05.904,1235196,1266260,2775416,53384,2097152,12544.11,0.0,0.0,2.49,0.0,0.0,0.0,0.0,0.0,0.0,test_7,0
2026-09-15 10:10:06.599,1388276,1419340,2622336,53384,2097152,12661.56,0.0,0.0,2.47,0.0,0.0,0.0,0.0,0.0,0.0,test_7,0
2026-09-15 10:10:06.946,1227068,1258132,2783544,53384,2097152,1620.41,0.0,0.0,0.24,0.0,0.0,0.0,0.0,0.0,0.0,test_7,0
2026-09-15 10:10:07.607,1331828,1362892,2678784,53384,2097152,12692.6,0.0,0.0,1.99,0.0,0.0,0.0,0.0,0.0,0.0,test_7,0
2026-09-15 10:10:07.955,1178612,1209676,2832000,53384,2097152,11227.97,0.0,0.0,2.72,0.0,0.0,0.0,0.0,0.0,0.0,test_7,0
2026-09-15 10:10:08.614,1283444,1314508,2727168,53384,2097152,12716.19,0.0,0.0,2.48,0.0,0.0,0.0,0.0,0.0,0.0,test_7,0
2026-09-15 10:10:08.966,1130228,1161292,2880384,53384,2097152,12660.37,0.0,0.0,2.23,0.0,0.0,0.0,0.0,0.0,0.0,test_7,0
2026-09-15 10:10:09.971,1081844,1112908,2928768,53384,2097152,12737.66,0.0,0.0,2.48,0.0,0.0,0.0,0.0,0.0,0.0,test_7,0
2026-09-15 10:10:10.978,1024116,1055180,2986496,53384,2097152,12708.14,0.0,0.0,2.49,0.0,0.0,0.0,0.0,0.0,0.0,test_7,0
2026-09-15 10:10:11.982,975732,1006796,3034880,53384,2097152,12757.78,0.0,0.0,2.25,0.0,20410.86,0.0,0.0,0.0,0.0,test_7,0
2026-09-15 10:10:13.005,927348,958412,3083264,53384,2097152,12510.48,0.0,0.0,2.44,0.0,0.0,0.0,0.0,0.0,0.0,test_7,0
2026-09-15 10:10:14.031,870900,901964,3139712,53384,2097152,12476.2,0.0,0.0,2.44,0.0,0.0,0.0,0.0,0.0,0.0,test_7,0
2026-09-15 10:10:15.047,822516,853580,3188096,53384,2097152,12597.53,0.0,0.0,2.21,0.0,0.0,0.0,0.0,0.0,0.0,test_7,0
2026-09-15 10:10:16.053,774132,805196,3236480,53384,2097152,12732.3,0.0,0.0,2.24,0.0,0.0,0.0,0.0,0.0,0.0,test_7,0
2026-09-15 10:10:17.076,758148,789212,3252464,53384,2097152,3364.27,0.0,0.0,0.74,0.0,0.0,0.0,0.0,0.0,0.0,test_7,0
2026-09-15 10:10:18.107,717684,748748,3292928,53384,2097152,9074.99,0.0,0.0,1.94,0.0,0.0,0.0,0.0,0.0,0.0,test_7,0
2026-09-15 10:10:19.161,669300,700364,3341312,53384,2097152,12138.82,0.0,0.0,2.6,0.0,0.0,0.0,0.0,0.0,0.0,test_7,0
2026-09-15 10:10:20.170,620916,651980,3389696,53384,2097152,12697.21,0.0,0.0,2.24,0.0,0.0,0.0,0.0,0.0,0.0,test_7,0
2026-09-15 10:10:21.173,564468,595532,3446144,53384,2097152,12755.92,0.0,0.0,2.49,0.0,0.0,0.0,0.0,0.0,0.0,test_7,0
2026-09-15 10:10:22.181,516084,547148,3494528,53384,2097152,12701.22,0.0,0.0,2.23,0.0,0.0,0.0,0.0,0.0,0.0,test_7,0
2026-09-15 10:10:23.210,467700,498764,3542912,53384,2097152,12443.97,0.0,0.0,2.19,0.0,0.0,0.0,0.0,0.0,0.0,test_7,0
2026-09-15 10:10:24.215,411252,442316,3599360,53384,2097152,12737.53,0.0,0.0,2.48,0.0,0.0,0.0,0.0,0.0,0.0,test_7,0
2026-09-15 10:10:25.240,362868,393932,3647744,53384,2097152,12490.09,0.0,0.0,2.2,0.0,0.0,0.0,0.0,0.0,0.0,test_7,0
2026-09-15 10:10:26.258,306420,337484,3704192,53384,2097152,12572.51,0.0,0.0,1.97,0.0,0.0,0.0,0.0,0.0,0.0,test_7,0
2026-09-15 10:10:27.265,258036,289100,3752576,53384,2097152,12713.98,0.0,0.0,2.24,0.0,0.0,0.0,0.0,0.0,0.0,test_7,0
2026-09-15 10:10:28.286,258036,289100,3752576,53384,2097152,35.25,0.0,0.0,0.0,0.0,0.0,0.0,0.0,0.0,0.0,test_7,1
2026-09-15 10:10:29.299,209652,240716,3800960,53384,2097152,12600.88,0.0,0.0,2.7,0.0,0.0,0.0,0.0,0.0,0.0,test_7,1
2026-09-15 10:10:30.311,153204,184268,3857408,53384,2097152,12651.38,0.0,0.0,2.23,0.0,0.0,0.0,0.0,0.0,0.0,test_7,1
2026-09-15 10:10:31.321,104820,135884,3905792,53384,2097152,12666.51,0.0,0.0,2.23,0.0,0.0,0.0,0.0,0.0,0.0,test_7,1
2026-09-15 10:10:32.336,56440,87500,3954172,53384,2097152,12621.52,0.0,0.0,2.46,0.0,0.0,0.0,0.0,0.0,0.0,test_7,1
2026-09-15 10:10:33.359,26068,69772,3984544,54460,2097152,12514.9,0.0,233.66,5.62,0.0,997109.65,0.18,0.03,0.18,0.03,test_7,0
2026-09-15 10:10:34.376,6916,57492,4003696,62856,2097152,12590.09,0.0,1460.53,13.73,0.0,5982343.37,0.18,0.03,0.18,0.03,test_7,0
2026-09-15 10:10:35.380,16076,69972,3994536,143400,2097152,12748.89,0.0,19957.17,21.79,1423240.23,66961617.84,4.13,0.75,4.13,0.75,test_7,0
2026-09-15 10:10:35.979,32124,74548,3978488,264164,2097152,10412.07,52.95,18077.72,8.72,14301619.56,74046324.03,5.01,1.02,4.83,0.98,test_7,0
2026-09-15 10:10:36.398,6152,59604,4004460,174652,2097152,12566.56,0.0,7734.7,4.2,0.0,44439920.44,4.13,0.75,4.13,0.75,test_7,0
2026-09-15 10:10:37.011,29456,72340,3981156,308276,2097152,12405.53,0.0,10686.34,6.21,0.0,43771230.1,5.01,1.02,4.83,0.98,test_7,0
2026-09-15 10:10:37.408,8308,61924,4002304,190432,2097152,2332.14,0.0,3834.41,1.98,0.0,17539151.96,5.01,1.02,4.83,0.98,test_7,0
2026-09-15 10:10:38.015,34988,82136,3975624,361296,2097152,106268.15,10.96,74908.11,40.34,44901.42,306823621.13,5.37,1.21,5.22,1.18,test_7,0
2026-09-15 10:10:39.020,32632,79532,3977980,361296,2097152,229175.66,0.0,0.0,25.68,395247.02,0.0,5.37,1.21,5.22,1.18,test_7,0
2026-09-15 10:10:40.027,25512,72412,3985100,363440,2097152,148383.45,4.96,532.16,23.27,24399.96,2179729.78,6.93,1.63,6.81,1.6,test_7,0
2026-09-15 10:10:41.032,11712,58628,3998900,363728,2097152,3694.89,1.0,82.6,0.5,0.0,0.0,6.93,1.63,6.81,1.6,test_7,0
2026-09-15 10:10:42.038,22288,69740,3988324,405644,2097152,220602.98,0.0,10408.07,30.07,4072.94,42989877.72,6.04,1.64,5.94,1.61,test_7,0
2026-09-15 10:10:43.042,61620,110000,3948992,427708,2097152,235532.17,0.0,5493.47,27.94,0.0,22501266.45,6.04,1.64,5.94,1.61,test_7,0
2026-09-15 10:10:44.064,58576,106916,3952036,427708,2097152,23855.14,0.0,0.0,2.93,0.0,0.0,4.94,1.59,4.86,1.56,test_7,0
2026-09-15 10:10:45.067,42336,90676,3968276,427708,2097152,210797.11,0.0,0.0,22.75,0.0,0.0,4.94,1.59,4.86,1.56,test_7,0
2026-09-15 10:10:46.074,65128,113464,3945484,429556,2097152,235993.46,0.0,458.69,25.56,0.0,1878805.58,4.05,1.54,3.98,1.51,test_7,0
2026-09-15 10:10:47.100,73528,120784,3937084,429556,2097152,36273.07,0.0,0.0,4.4,2365173.98,0.0,4.05,1.54,3.98,1.51,test_7,0
2026-09-15 10:10:48.104,29816,77072,3980796,429556,2097152,203973.94,0.0,0.0,21.45,0.0,0.0,3.31,1.49,3.26,1.46,test_7,0
2026-09-15 10:10:49.107,43132,90388,3967480,429556,2097152,244500.39,0.0,0.0,25.31,0.0,0.0,3.31,1.49,3.26,1.46,test_7,0
2026-09-15 10:10:50.125,36012,83268,3974600,429556,2097152,35802.65,0.0,0.0,4.41,0.0,0.0,2.71,1.44,2.67,1.41,test_7,0
2026-09-15 10:10:51.128,42944,90200,3967668,429556,2097152,207886.82,0.0,0.0,21.2,0.0,0.0,2.71,1.44,2.67,1.41,test_7,0
2026-09-15 10:10:52.133,43272,90528,3967340,429556,2097152,251023.42,0.0,0.0,25.0,0.0,0.0,2.71,1.44,2.67,1.41,test_7,0
2026-09-15 10:10:53.139,43260,90516,3967352,429556,2097152,25456.15,0.0,0.0,2.73,0.0,0.0,2.22,1.39,2.18,1.36,test_7,0
2026-09-15 10:10:54.142,23796,71100,3986816,443752,2097152,207599.7,0.0,3537.55,23.25,0.0,14489801.3,2.22,1.39,2.18,1.36,test_7,0
2026-09-15 10:10:55.144,33224,80492,3977388,443752,2097152,244003.56,0.0,0.0,25.19,0.0,0.0,1.82,1.34,1.79,1.32,test_7,0
2026-09-15 10:10:56.159,49576,96844,3961036,443752,2097152,33161.34,0.0,0.0,3.69,0.0,0.0,1.82,1.34,1.79,1.32,test_7,0
2026-09-15 10:10:57.176,50004,97272,3960608,443752,2097152,206587.35,0.0,0.0,21.67,0.0,0.0,1.49,1.3,1.46,1.28,test_7,0
2026-09-15 10:10:58.192,50300,97568,3960312,443752,2097152,254995.97,0.0,0.0,25.49,0.0,0.0,1.49,1.3,1.46,1.28,test_7,0
2026-09-15 10:10:59.205,51068,98336,3959544,443752,2097152,17092.54,0.0,0.0,1.73,0.0,0.0,1.22,1.26,1.2,1.23,test_7,0
2026-09-15 10:11:00.219,31520,78788,3979092,443752,2097152,224247.25,0.0,0.0,23.59,0.0,0.0,1.22,1.26,1.2,1.23,test_7,0
2026-09-15 10:11:01.225,31872,79140,3978740,443752,2097152,247050.02,0.0,0.0,25.12,0.0,0.0,0.99,1.21,0.98,1.19,test_7,0
2026-09-15 10:11:02.236,35576,82784,3975036,443752,2097152,10375.27,0.0,0.0,1.72,214836.54,0.0,0.99,1.21,0.98,1.19,test_7,0
2026-09-15 10:11:03.239,32496,79704,3978116,443752,2097152,235858.7,0.0,0.0,24.38,0.0,0.0,0.81,1.17,0.8,1.15,test_7,0
2026-09-15 10:11:04.242,28764,75972,3981848,443752,2097152,249105.31,0.0,0.0,25.37,0.0,0.0,0.81,1.17,0.8,1.15,test_7,0
2026-09-15 10:11:05.244,32132,79340,3978480,443752,2097152,199.48,0.0,0.0,0.0,0.0,0.0,0.81,1.17,0.8,1.15,test_7,0
2026-09-15 10:11:06.258,61800,106376,3948812,443752,2097152,230652.35,0.0,0.0,25.37,5316492.42,0.0,0.66,1.14,0.65,1.12,test_7,0
2026-09-15 10:11:06.730,33908,77796,3976704,443752,2097152,217670.39,0.0,0.0,24.33,1360112.95,0.0,0.54,1.1,0.53,1.08,test_7,0
2026-09-15 10:11:07.265,68608,113140,3942004,443752,2097152,240177.59,0.0,0.0,25.31,0.0,28484.09,0.66,1.14,0.65,1.12,test_7,0
2026-09-15 10:11:07.739,38564,82432,3972048,443752,2097152,247169.0,0.0,0.0,24.88,0.0,0.0,0.44,1.06,0.44,1.04,test_7,0
2026-09-15 10:11:08.268,69712,114244,3940900,443752,2097152,10589.56,0.0,0.0,1.5,0.0,0.0,0.54,1.1,0.53,1.08,test_7,0
2026-09-15 10:11:08.744,63996,107864,3946616,443752,2097152,12743.82,0.0,0.0,1.49,0.0,0.0,0.44,1.06,0.44,1.04,test_7,0
2026-09-15 10:11:09.747,26512,70380,3984100,443752,2097152,235617.86,0.0,0.0,23.69,0.0,4080.98,0.36,1.03,0.36,1.01,test_7,0
2026-09-15 10:11:10.752,31708,75576,3978904,443752,2097152,246388.62,0.0,0.0,25.37,0.0,0.0,0.36,1.03,0.36,1.01,test_7,0
2026-09-15 10:11:11.758,35316,79184,3975296,443752,2097152,2362.07,0.0,0.0,0.74,0.0,20359.9,0.29,0.99,0.29,0.97,test_7,0
2026-09-15 10:11:12.764,37056,80924,3973556,443752,2097152,191370.95,0.0,0.0,24.94,0.0,0.0,0.29,0.99,0.29,0.97,test_7,0
2026-09-15 10:11:13.767,41360,85228,3969252,443752,2097152,229338.0,0.0,0.0,25.5,0.0,0.0,0.24,0.96,0.24,0.94,test_7,0
2026-09-15 10:11:14.779,41452,85320,3969160,443752,2097152,63047.12,0.0,0.0,6.2,0.0,0.0,0.24,0.96,0.24,0.94,test_7,0
2026-09-15 10:11:15.782,42744,86612,3967868,443752,2097152,171193.81,0.0,0.0,18.66,0.0,0.0,0.2,0.93,0.19,0.91,test_7,0
2026-09-15 10:11:16.789,34876,78744,3975736,443752,2097152,249111.59,0.0,0.0,24.94,0.0,0.0,0.2,0.93,0.19,0.91,test_7,0
2026-09-15 10:11:17.794,40792,84660,3969820,443752,2097152,63689.44,0.0,0.0,6.93,0.0,0.0,0.2,0.93,0.19,0.91,test_7,0
2026-09-15 10:11:18.798,40676,84544,3969936,443752,2097152,177489.58,0.0,0.0,18.0,0.0,0.0,0.16,0.9,0.16,0.88,test_7,0
2026-09-15 10:11:19.803,40928,84796,3969684,443752,2097152,243721.22,0.0,0.0,25.5,0.0,0.0,0.16,0.9,0.16,0.88,test_7,0
2026-09-15 10:11:20.814,45448,89316,3965164,443752,2097152,62572.48,0.0,0.0,6.19,0.0,0.0,0.13,0.87,0.13,0.85,test_7,0
2026-09-15 10:11:21.817,41732,85600,3968880,443752,2097152,179887.77,0.0,0.0,18.5,0.0,0.0,0.13,0.87,0.13,0.85,test_7,0
2026-09-15 10:11:22.821,42096,85964,3968516,443752,2097152,253176.2,0.0,0.0,25.5,0.0,0.0,0.1,0.84,0.1,0.82,test_7,0
2026-09-15 10:11:23.834,43236,87104,3967376,443752,2097152,51035.03,0.0,0.0,5.65,0.0,0.0,0.1,0.84,0.1,0.82,test_7,0
2026-09-15 10:11:24.840,44700,88568,3965912,443752,2097152,178083.11,0.0,0.0,18.36,0.0,0.0,0.08,0.81,0.08,0.8,test_7,0
2026-09-15 10:11:25.848,46624,90492,3963988,443752,2097152,244281.15,0.0,0.0,25.5,0.0,0.0,0.08,0.81,0.08,0.8,test_7,0
2026-09-15 10:11:26.853,46580,90448,3964032,443752,2097152,60841.75,0.0,0.0,6.22,0.0,0.0,0.07,0.78,0.07,0.77,test_7,0
2026-09-15 10:11:27.856,30208,74076,3980404,443752,2097152,183222.2,0.0,0.0,18.7,0.0,0.0,0.07,0.78,0.07,0.77,test_7,0
2026-09-15 10:11:28.871,30496,74364,3980116,443752,2097152,247917.17,0.0,0.0,25.49,0.0,0.0,0.05,0.76,0.05,0.74,test_7,0
2026-09-15 10:11:29.888,31900,75768,3978712,443752,2097152,50044.37,0.0,0.0,5.39,0.0,0.0,0.05,0.76,0.05,0.74,test_7,0
2026-09-15 10:11:30.894,39360,83228,3971252,443752,2097152,190965.89,0.0,0.0,19.45,0.0,0.0,0.05,0.76,0.05,0.74,test_7,0
2026-09-15 10:11:31.905,31992,75860,3978620,443752,2097152,241090.0,0.0,0.0,25.19,0.0,0.0,0.04,0.73,0.04,0.72,test_7,0
2026-09-15 10:11:32.915,39984,83852,3970628,443752,2097152,49999.09,0.0,0.0,5.43,0.0,0.0,0.04,0.73,0.04,0.72,test_7,0
2026-09-15 10:11:33.920,36276,80144,3974336,443752,2097152,197228.38,0.0,0.0,19.5,0.0,0.0,0.03,0.71,0.03,0.7,test_7,0
2026-09-15 10:11:34.943,40004,83872,3970608,443752,2097152,244153.64,0.0,0.0,25.37,0.0,0.0,0.03,0.71,0.03,0.7,test_7,0
2026-09-15 10:11:35.982,43488,87356,3967124,443752,2097152,36974.19,0.0,0.0,4.09,0.0,0.0,0.03,0.68,0.03,0.67,test_7,0
2026-09-15 10:11:36.580,47436,91300,3963176,443752,2097152,32837.17,0.0,0.0,3.97,0.0,0.0,0.02,0.66,0.02,0.65,test_7,0
2026-09-15 10:11:36.998,43752,87616,3966860,443752,2097152,218946.99,0.0,0.0,22.11,0.0,28209.59,0.03,0.68,0.03,0.67,test_7,0
2026-09-15 10:11:37.585,49412,93276,3961200,443752,2097152,214622.74,0.0,0.0,21.64,0.0,0.0,0.02,0.64,0.02,0.63,test_7,0
2026-09-15 10:11:38.014,38600,82464,3972012,443752,2097152,227201.58,0.0,0.0,25.67,0.0,0.0,0.02,0.66,0.02,0.65,test_7,0
2026-09-15 10:11:38.590,49868,93732,3960744,443752,2097152,244733.82,0.0,0.0,25.31,0.0,0.0,0.02,0.64,0.02,0.63,test_7,0
2026-09-15 10:11:39.599,49824,93688,3960788,443752,2097152,24647.13,0.0,0.0,2.24,0.0,0.0,0.01,0.62,0.01,0.61,test_7,0
2026-09-15 10:11:40.632,53444,97288,3957168,443752,2097152,228301.16,0.0,0.0,22.76,0.0,0.0,0.01,0.62,0.01,0.61,test_7,0
2026-09-15 10:11:41.665,53268,97112,3957344,443752,2097152,242462.96,0.0,0.0,25.36,0.0,19818.09,0.01,0.6,0.01,0.59,test_7,0
2026-09-15 10:11:42.684,58288,102132,3952324,443752,2097152,0.0,0.0,0.0,0.0,0.0,0.0,0.01,0.6,0.01,0.59,test_7,0
2026-09-15 10:11:43.690,51124,94968,3959488,443752,2097152,241964.56,0.0,0.0,24.88,0.0,0.0,0.01,0.58,0.01,0.57,test_7,0
2026-09-15 10:11:44.694,50904,94748,3959708,443752,2097152,242093.4,0.0,0.0,24.44,0.0,0.0,0.01,0.58,0.01,0.57,test_7,0
2026-09-15 10:11:45.700,50904,94748,3959708,443752,2097152,0.0,0.0,0.0,0.0,0.0,0.0,0.01,0.58,0.01,0.57,test_7,0
2026-09-15 10:11:46.703,31480,75344,3979132,449536,2097152,239201.71,0.0,1441.75,25.81,0.0,5905403.93,0.0,0.56,0.0,0.55,test_7,1
2026-09-15 10:11:47.730,29268,73132,3981344,449536,2097152,225491.26,0.0,0.0,25.12,0.0,0.0,0.0,0.56,0.0,0.55,test_7,1
2026-09-15 10:11:48.737,29292,73156,3981320,449536,2097152,14804.24,0.0,0.0,1.74,0.0,0.0,0.0,0.54,0.0,0.53,test_7,1
2026-09-15 10:11:49.763,50372,94236,3960240,449536,2097152,193056.23,0.0,0.0,21.95,0.0,0.0,0.0,0.54,0.0,0.53,test_7,1
2026-09-15 10:11:50.770,31212,75076,3979400,449536,2097152,226135.65,0.0,0.0,25.06,0.0,0.0,0.0,0.52,0.0,0.51,test_7,1
2026-09-15 10:11:51.774,31756,75620,3978856,449736,2097152,60340.21,0.0,49.8,6.48,0.0,203972.52,0.0,0.52,0.0,0.51,test_7,0
2026-09-15 10:11:52.779,42048,85912,3968564,449732,2097152,177340.0,1.99,0.0,18.41,8156.13,0.0,0.0,0.5,0.0,0.5,test_7,0
2026-09-15 10:11:53.783,46396,90260,3964216,449732,2097152,206349.97,0.0,0.0,25.5,0.0,0.0,0.0,0.5,0.0,0.5,test_7,0
2026-09-15 10:11:54.788,50180,94044,3960432,449732,2097152,100559.57,0.0,0.0,11.97,0.0,0.0,0.0,0.49,0.0,0.48,test_7,0
2026-09-15 10:11:55.791,29268,73132,3981344,449732,2097152,119563.19,0.0,0.0,13.0,0.0,0.0,0.0,0.49,0.0,0.48,test_7,0
2026-09-15 10:11:56.794,51580,95444,3959032,449732,2097152,227981.66,0.0,0.0,25.12,0.0,0.0,0.0,0.47,0.0,0.46,test_7,0
2026-09-15 10:11:57.798,51676,95540,3958936,449732,2097152,137301.29,0.0,0.0,14.46,0.0,0.0,0.0,0.47,0.0,0.46,test_7,0
2026-09-15 10:11:58.801,51676,95540,3958936,449732,2097152,98323.67,0.0,0.0,10.72,0.0,0.0,0.0,0.47,0.0,0.46,test_7,0
2026-09-15 10:11:59.804,51788,95652,3958824,449732,2097152,227661.94,0.0,0.0,25.56,0.0,0.0,0.0,0.46,0.0,0.45,test_7,0
2026-09-15 10:12:00.808,52068,95932,3958544,449732,2097152,158730.7,0.0,0.0,16.67,0.0,0.0,0.0,0.46,0.0,0.45,test_7,0
2026-09-15 10:12:01.813,49160,93024,3961452,449732,2097152,86711.27,0.0,0.0,8.48,0.0,0.0,0.0,0.44,0.0,0.43,test_7,0
2026-09-15 10:12:02.817,41860,85724,3968752,449732,2097152,234312.46,0.0,0.0,25.74,0.0,0.0,0.0,0.44,0.0,0.43,test_7,0
2026-09-15 10:12:03.833,41912,85776,3968700,449732,2097152,161427.67,0.0,0.0,18.97,0.0,0.0,0.0,0.43,0.0,0.42,test_7,0
2026-09-15 10:12:04.838,45716,89580,3964896,449732,2097152,1.0,1.0,0.0,0.0,4076.88,0.0,0.0,0.43,0.0,0.42,test_7,0
2026-09-15 10:12:05.850,45716,89580,3964896,449732,2097152,0.0,0.0,0.0,0.0,0.0,0.0,0.0,0.41,0.0,0.4,test_7,0
2026-09-15 10:12:06.294,57420,101284,3953192,449732,2097152,5.95,0.0,0.0,0.49,0.0,0.0,0.0,0.4,0.0,0.39,test_7,0
2026-09-15 10:12:06.862,52076,95940,3958536,449732,2097152,0.0,0.0,0.0,0.25,0.0,28330.56,0.0,0.41,0.0,0.4,test_7,0
2026-09-15 10:12:07.303,57420,101284,3953192,449732,2097152,0.0,0.0,0.0,0.0,0.0,0.0,0.0,0.38,0.0,0.38,test_7,0
2026-09-15 10:12:07.872,52076,95940,3958536,449732,2097152,0.0,0.0,0.0,0.0,0.0,0.0,0.0,0.4,0.0,0.39,test_7,0
2026-09-15 10:12:08.311,62316,106180,3948296,449732,2097152,0.0,0.0,0.0,0.0,0.0,0.0,0.0,0.38,0.0,0.38,test_7,0
2026-09-15 10:12:09.326,65908,109772,3944704,449732,2097152,0.0,0.0,0.0,0.0,0.0,0.0,0.0,0.37,0.0,0.36,test_7,0
2026-09-15 10:12:10.344,70192,114056,3940420,449732,2097152,0.0,0.0,0.0,0.0,0.0,0.0,0.0,0.37,0.0,0.36,test_7,0
2026-09-15 10:12:11.347,77428,121292,3933184,449732,2097152,0.0,0.0,0.0,0.0,0.0,0.0,0.0,0.37,0.0,0.36,test_7,0
2026-09-15 10:12:12.351,80708,124572,3929904,449732,2097152,0.0,0.0,0.0,0.0,0.0,20410.07,0.0,0.36,0.0,0.35,test_7,0
2026-09-15 10:12:13.358,83760,127624,3926852,449732,2097152,0.0,0.0,0.0,0.25,0.0,0.0,0.0,0.36,0.0,0.35,test_7,0
2026-09-15 10:12:14.362,89304,133168,3921308,449732,2097152,0.0,0.0,0.0,0.25,0.0,0.0,0.0,0.35,0.0,0.34,test_7,0
2026-09-15 10:12:15.406,91816,135680,3918796,449732,2097152,0.0,0.0,0.0,0.0,0.0,0.0,0.0,0.35,0.0,0.34,test_7,0
2026-09-15 10:12:16.409,94152,138016,3916460,449732,2097152,0.0,0.0,0.0,0.0,0.0,0.0,0.0,0.33,0.0,0.33,test_7,0
2026-09-15 10:12:17.453,98392,142256,3912220,449732,2097152,0.0,0.0,0.0,0.24,0.0,0.0,0.0,0.33,0.0,0.33,test_7,0
2026-09-15 10:12:18.456,98392,142256,3912220,449732,2097152,0.0,0.0,0.0,0.0,0.0,0.0,0.0,0.32,0.0,0.32,test_7,0
2026-09-15 10:12:19.461,100364,144228,3910248,449732,2097152,0.0,0.0,0.0,0.25,0.0,0.0,0.0,0.32,0.0,0.32,test_7,0
2026-09-15 10:12:20.466,100364,144228,3910248,449732,2097152,0.0,0.0,0.0,0.0,0.0,0.0,0.0,0.31,0.0,0.31,test_7,0
2026-09-15 10:12:21.471,100364,144228,3910248,449732,2097152,0.0,0.0,0.0,0.0,0.0,0.0,0.0,0.31,0.0,0.31,test_7,0
2026-09-15 10:12:22.475,100364,144228,3910248,449732,2097152,0.0,0.0,0.0,0.0,0.0,0.0,0.0,0.3,0.0,0.3,test_7,0
2026-09-15 10:12:23.479,100364,144228,3910248,449732,2097152,0.0,0.0,0.0,0.0,0.0,0.0,0.0,0.3,0.0,0.3,test_7,0
2026-09-15 10:12:24.482,100364,144228,3910248,449732,2097152,0.0,0.0,0.0,0.0,0.0,0.0,0.0,0.3,0.0,0.3,test_7,0
2026-09-15 10:12:25.489,100364,144228,3910248,449732,2097152,0.0,0.0,0.0,0.0,0.0,0.0,0.0,0.29,0.0,0.29,test_7,0
2026-09-15 10:12:26.507,100364,144228,3910248,449732,2097152,0.0,0.0,0.0,0.0,0.0,0.0,0.0,0.29,0.0,0.29,test_7,0
2026-09-15 10:12:27.518,100364,144228,3910248,449732,2097152,0.0,0.0,0.0,0.0,0.0,0.0,0.0,0.28,0.0,0.28,test_7,0
2026-09-15 10:12:28.529,100364,144228,3910248,449732,2097152,0.0,0.0,0.0,0.0,0.0,0.0,0.0,0.28,0.0,0.28,test_7,0
2026-09-15 10:12:29.537,100364,144228,3910248,449732,2097152,0.0,0.0,0.0,0.0,0.0,0.0,0.0,0.27,0.0,0.27,test_7,0
2026-09-15 10:12:30.560,92096,135960,3918516,449732,2097152,0.0,0.0,0.0,0.73,0.0,0.0,0.0,0.27,0.0,0.27,test_7,0
2026-09-15 10:12:31.572,92096,135960,3918516,449732,2097152,0.0,0.0,0.0,0.0,0.0,0.0,0.0,0.26,0.0,0.26,test_7,0
2026-09-15 10:12:32.575,3573156,3617020,437456,80136,2097152,114.71,111.72,0.0,11.69,457611.66,0.0,0.0,0.26,0.0,0.26,test_7,0
2026-09-15 10:12:33.631,3610848,3653532,399764,76628,2097152,793.26,737.41,0.0,2.81,5432110.91,0.0,0.0,0.25,0.0,0.25,test_7,0
2026-09-15 10:12:34.646,3610984,3653604,399628,76628,2097152,0.0,0.0,0.0,1.5,0.0,0.0,0.0,0.25,0.0,0.25,test_7,0
2026-09-15 10:12:35.657,3611164,3653784,399448,76628,2097152,0.0,0.0,0.0,0.0,0.0,0.0,0.0,0.25,0.0,0.24,test_7,0
2026-09-15 10:12:36.184,3611716,3654332,398896,76628,2097152,6.98,0.0,0.0,0.51,0.0,0.0,0.0,0.24,0.0,0.23,test_7,0
2026-09-15 10:12:36.667,3611336,3653952,399276,76628,2097152,0.0,0.0,0.0,0.5,0.0,24332.49,0.0,0.25,0.0,0.24,test_7,0
2026-09-15 10:12:37.186,3611844,3654460,398768,76628,2097152,0.0,0.0,0.0,0.0,0.0,0.0,0.0,0.23,0.0,0.22,test_7,0
2026-09-15 10:12:37.696,3611484,3654100,399128,76628,2097152,0.0,0.0,0.0,0.0,0.0,0.0,0.0,0.24,0.0,0.23,test_7,0
2026-09-15 10:12:38.211,3611928,3654544,398684,76628,2097152,0.0,0.0,0.0,0.74,0.0,0.0,0.0,0.23,0.0,0.22,test_7,0
2026-09-15 10:12:39.219,3612092,3654708,398520,76628,2097152,0.0,0.0,0.0,0.0,0.0,0.0,0.0,0.23,0.0,0.22,test_7,0
2026-09-15 10:12:40.280,3612160,3654776,398452,76628,2097152,0.0,0.0,0.0,0.24,0.0,0.0,0.0,0.22,0.0,0.22,test_7,0
2026-09-15 10:12:41.291,3612296,3654912,398316,76628,2097152,0.0,0.0,0.0,0.0,0.0,0.0,0.0,0.22,0.0,0.22,test_7,0
2026-09-15 10:12:42.300,3612416,3655032,398196,76628,2097152,0.0,0.0,0.0,0.5,0.0,20309.24,0.0,0.21,0.0,0.21,test_7,0
2026-09-15 10:12:43.361,3612460,3655076,398152,76628,2097152,0.0,0.0,0.0,0.0,0.0,0.0,0.0,0.21,0.0,0.21,test_7,0
2026-09-15 10:12:44.375,3612500,3655116,398112,76628,2097152,0.0,0.0,0.0,0.25,0.0,0.0,0.0,0.21,0.0,0.2,test_7,0
2026-09-15 10:12:45.378,3612592,3655208,398020,76628,2097152,0.0,0.0,0.0,0.25,0.0,0.0,0.0,0.21,0.0,0.2,test_7,0
2026-09-15 10:12:46.439,3612620,3655236,397992,76628,2097152,0.0,0.0,0.0,0.48,0.0,0.0,0.0,0.2,0.0,0.19,test_7,0
2026-09-15 10:12:47.446,3612696,3655312,397916,76628,2097152,0.0,0.0,0.0,0.0,0.0,0.0,0.0,0.2,0.0,0.19,test_7,0
2026-09-15 10:12:48.505,3612696,3655312,397916,76628,2097152,0.0,0.0,0.0,0.24,0.0,0.0,0.0,0.19,0.0,0.19,test_7,0
2026-09-15 10:12:49.520,3612740,3655356,397872,76628,2097152,0.0,0.0,0.0,0.0,0.0,0.0,0.0,0.19,0.0,0.19,test_7,0
2026-09-15 10:12:50.535,3612780,3655396,397832,76628,2097152,0.0,0.0,0.0,0.0,0.0,0.0,0.0,0.18,0.0,0.18,test_7,0
2026-09-15 10:12:51.592,3612780,3655396,397832,76628,2097152,0.0,0.0,0.0,0.0,0.0,0.0,0.0,0.18,0.0,0.18,test_7,0
2026-09-15 10:12:52.625,3612816,3655432,397796,76628,2097152,0.0,0.0,0.0,0.0,0.0,0.0,0.0,0.18,0.0,0.18,test_7,0
2026-09-15 10:12:53.639,3612848,3655464,397764,76628,2097152,0.0,0.0,0.0,0.25,0.0,0.0,0.0,0.18,0.0,0.18,test_7,0
2026-09-15 10:12:54.649,3612876,3655492,397736,76628,2097152,0.0,0.0,0.0,0.0,0.0,0.0,0.0,0.17,0.0,0.17,test_7,0
2026-09-15 10:12:55.652,3612876,3655492,397736,76628,2097152,0.0,0.0,0.0,0.25,0.0,0.0,0.0,0.17,0.0,0.17,test_7,0
2026-09-15 10:12:56.674,3612876,3655492,397736,76628,2097152,0.0,0.0,0.0,0.0,0.0,0.0,0.0,0.17,0.0,0.17,test_7,0
2026-09-15 10:12:57.678,3635824,3687540,374788,76628,2097152,9.96,0.0,0.0,0.75,2876981.09,0.0,0.0,0.17,0.0,0.16,test_7,0
2026-09-15 10:12:58.709,3635824,3687540,374788,76628,2097152,0.0,0.0,0.0,0.24,0.0,0.0,0.0,0.17,0.0,0.16,test_7,0
2026-09-15 10:12:59.750,3635824,3687540,374788,76628,2097152,0.0,0.0,0.0,0.24,0.0,0.0,0.0,0.16,0.0,0.16,test_7,0
2026-09-15 10:13:00.775,3635824,3687540,374788,76628,2097152,0.0,0.0,0.0,0.0,0.0,0.0,0.0,0.16,0.0,0.16,test_7,0
2026-09-15 10:13:01.787,3635824,3687540,374788,76628,2097152,0.0,0.0,0.0,0.0,0.0,0.0,0.0,0.15,0.0,0.15,test_7,0
2026-09-15 10:13:02.797,3635824,3687540,374788,76628,2097152,0.0,0.0,0.0,0.0,0.0,16226.02,0.0,0.15,0.0,0.15,test_7,0
2026-09-15 10:13:03.828,3635824,3687540,374788,76628,2097152,0.0,0.0,0.0,0.24,0.0,0.0,0.0,0.15,0.0,0.15,test_7,0
2026-09-15 10:13:04.855,3635824,3687540,374788,76628,2097152,0.0,0.0,0.0,0.24,0.0,0.0,0.0,0.15,0.0,0.15,test_7,0
2026-09-15 10:13:05.885,3635824,3687540,374788,76628,2097152,0.0,0.0,0.0,0.0,0.0,0.0,0.0,0.14,0.0,0.14,test_7,0
2026-09-15 10:13:06.895,3635848,3687540,374764,76628,2097152,0.0,0.0,0.0,0.25,0.0,36486.21,0.0,0.14,0.0,0.14,test_7,0
2026-09-15 10:13:07.346,3635472,3687164,375140,76628,2097152,7.86,0.0,0.0,0.49,4024.21,0.0,0.0,0.13,0.0,0.13,test_7,0
2026-09-15 10:13:07.904,3635848,3687540,374764,76628,2097152,0.0,0.0,0.0,0.0,0.0,0.0,0.0,0.14,0.0,0.14,test_7,0
2026-09-15 10:13:08.362,3635536,3687228,375076,76628,2097152,0.0,0.0,0.0,0.0,0.0,0.0,0.0,0.13,0.0,0.13,test_7,0
2026-09-15 10:13:08.928,3635848,3687540,374764,76628,2097152,0.0,0.0,0.0,0.0,0.0,0.0,0.0,0.14,0.0,0.14,test_7,0
2026-09-15 10:13:09.381,3635592,3687284,375020,76628,2097152,0.0,0.0,0.0,0.0,0.0,0.0,0.0,0.13,0.0,0.13,test_7,0
2026-09-15 10:13:10.388,3635592,3687284,375020,76628,2097152,0.0,0.0,0.0,0.0,0.0,36595.99,0.0,0.13,0.0,0.13,test_7,0
2026-09-15 10:13:11.394,3635640,3687332,374972,76628,2097152,0.0,0.0,0.0,0.25,0.0,0.0,0.0,0.13,0.0,0.13,test_7,0
2026-09-15 10:13:12.411,3635680,3687372,374932,76628,2097152,0.0,0.0,0.0,0.25,0.0,0.0,0.0,0.12,0.0,0.12,test_7,0
2026-09-15 10:13:13.428,3635716,3687408,374896,76628,2097152,0.0,0.0,0.0,0.0,0.0,0.0,0.0,0.12,0.0,0.12,test_7,0
2026-09-15 10:14:06.861,3632908,3672960,377704,72744,2097152,9.73,0.0,0.0,0.0,0.0,0.0,0.0,0.04,0.0,0.04,test_8,0
2026-09-15 10:14:07.887,3632908,3672960,377704,72744,2097152,1.95,0.0,0.0,0.24,0.0,0.0,0.0,0.04,0.0,0.04,test_8,0
2026-09-15 10:14:08.916,3632908,3672960,377704,72744,2097152,0.0,0.0,0.0,0.0,0.0,0.0,0.0,0.04,0.0,0.04,test_8,0
2026-09-15 10:14:09.945,3632908,3672960,377704,72740,2097152,0.97,0.97,0.0,0.0,3982.37,0.0,0.0,0.04,0.0,0.04,test_8,0
2026-09-15 10:14:10.973,3632908,3672960,377704,72740,2097152,0.0,0.0,0.0,0.0,0.0,0.0,0.0,0.04,0.0,0.04,test_8,0
2026-09-15 10:14:12.002,3584272,3624324,426340,72652,2097152,13584.81,10.69,0.0,3.4,43782.34,0.0,0.0,0.04,0.0,0.04,test_8,0
2026-09-15 10:14:13.044,3528448,3568500,482164,72652,2097152,12293.3,0.0,0.0,2.16,0.0,19667.74,0.0,0.04,0.0,0.04,test_8,0
2026-09-15 10:14:14.084,3472000,3512052,538612,72652,2097152,12309.82,0.0,0.0,2.17,0.0,0.0,0.0,0.04,0.0,0.04,test_8,0
2026-09-15 10:14:15.117,3423616,3463668,586996,72652,2097152,12390.92,0.0,0.0,2.18,0.0,0.0,0.0,0.04,0.0,0.04,test_8,0
2026-09-15 10:14:16.123,3375248,3415300,635364,72652,2097152,12716.95,0.0,0.0,2.23,0.0,0.0,0.0,0.03,0.0,0.03,test_8,0
2026-09-15 10:14:17.156,3318800,3358852,691812,72652,2097152,12396.39,0.0,0.0,2.42,0.0,0.0,0.0,0.03,0.0,0.03,test_8,0
2026-09-15 10:14:18.170,3270484,3310536,740128,72652,2097152,12625.63,0.0,0.0,2.22,0.0,0.0,0.0,0.03,0.0,0.03,test_8,0
2026-09-15 10:14:19.202,3270484,3310536,740128,72652,2097152,175.4,0.0,0.0,0.0,0.0,0.0,0.0,0.03,0.0,0.03,test_8,0
2026-09-15 10:14:20.204,3222160,3262212,788452,72652,2097152,12589.88,0.0,0.0,2.25,0.0,0.0,0.0,0.03,0.0,0.03,test_8,0
2026-09-15 10:14:21.214,3173244,3213316,837368,72652,2097152,12677.94,0.0,0.0,2.72,0.0,0.0,0.0,0.03,0.0,0.03,test_8,0
2026-09-15 10:14:22.220,3108784,3148856,901828,72652,2097152,12730.06,0.0,0.0,2.49,0.0,0.0,0.0,0.03,0.0,0.03,test_8,0
2026-09-15 10:14:23.222,3060060,3100132,950552,72652,2097152,12767.2,0.0,0.0,2.5,0.0,0.0,0.0,0.03,0.0,0.03,test_8,0
2026-09-15 10:14:24.242,3003652,3043724,1006960,72652,2097152,12550.49,0.0,0.0,2.21,0.0,0.0,0.0,0.03,0.0,0.03,test_8,0
2026-09-15 10:14:25.261,2955324,2995396,1055288,72652,2097152,12558.17,0.0,0.0,2.46,0.0,0.0,0.0,0.03,0.0,0.03,test_8,0
2026-09-15 10:14:26.265,2906968,2947040,1103644,72652,2097152,12756.46,0.0,0.0,2.24,0.0,0.0,0.0,0.03,0.0,0.03,test_8,0
2026-09-15 10:14:27.281,2850544,2890616,1160068,72652,2097152,12594.81,0.0,0.0,2.46,0.0,0.0,0.0,0.03,0.0,0.03,test_8,0
2026-09-15 10:14:28.293,2802160,2842232,1208452,72652,2097152,12658.03,0.0,0.0,2.23,0.0,0.0,0.0,0.03,0.0,0.03,test_8,0
2026-09-15 10:14:29.301,2786188,2826260,1224424,72652,2097152,3166.2,0.0,0.0,0.5,0.0,0.0,0.0,0.03,0.0,0.03,test_8,0
2026-09-15 10:14:30.308,2753832,2793904,1256780,72652,2097152,9544.78,0.0,0.0,1.74,0.0,0.0,0.0,0.03,0.0,0.03,test_8,0
2026-09-15 10:14:31.312,2697424,2737496,1313188,72652,2097152,12750.48,0.0,0.0,2.24,0.0,0.0,0.0,0.02,0.0,0.02,test_8,0
2026-09-15 10:14:32.330,2649072,2689144,1361540,72652,2097152,12578.61,0.0,0.0,2.46,0.0,0.0,0.0,0.02,0.0,0.02,test_8,0
2026-09-15 10:14:33.342,2600716,2640788,1409896,72652,2097152,12647.36,0.0,0.0,1.98,0.0,0.0,0.0,0.02,0.0,0.02,test_8,0
2026-09-15 10:14:34.355,2544292,2584364,1466320,72652,2097152,12632.64,0.0,0.0,2.46,0.0,0.0,0.0,0.02,0.0,0.02,test_8,0
2026-09-15 10:14:35.372,2495908,2535980,1514704,72652,2097152,12591.78,0.0,0.0,2.22,0.0,0.0,0.0,0.02,0.0,0.02,test_8,0
2026-09-15 10:14:36.387,2447524,2487596,1563088,72652,2097152,12609.96,0.0,0.0,2.46,0.0,0.0,0.0,0.02,0.0,0.02,test_8,0
2026-09-15 10:14:37.040,2294308,2334380,1716304,72652,2097152,12444.74,0.0,0.0,2.43,0.0,0.0,0.0,0.02,0.0,0.02,test_8,0
2026-09-15 10:14:37.400,2391076,2431148,1619536,72652,2097152,12638.79,0.0,0.0,2.22,0.0,28308.68,0.0,0.02,0.0,0.02,test_8,0
2026-09-15 10:14:38.046,2286316,2326388,1724296,72652,2097152,372.71,0.0,0.0,0.0,0.0,0.0,0.0,0.02,0.0,0.02,test_8,0
2026-09-15 10:14:38.407,2342692,2382764,1667920,72652,2097152,12713.95,0.0,0.0,2.24,0.0,0.0,0.0,0.02,0.0,0.02,test_8,0
2026-09-15 10:14:39.074,2237860,2277932,1772752,72652,2097152,12095.31,0.0,0.0,2.43,0.0,0.0,0.0,0.02,0.0,0.02,test_8,0
2026-09-15 10:14:40.094,2189476,2229548,1821136,72652,2097152,12547.38,0.0,0.0,2.21,0.0,0.0,0.0,0.02,0.0,0.02,test_8,0
2026-09-15 10:14:41.105,2141092,2181164,1869520,72652,2097152,12667.03,0.0,0.0,2.48,0.0,4053.13,0.0,0.02,0.0,0.02,test_8,0
2026-09-15 10:14:42.114,2084644,2124716,1925968,72652,2097152,12685.48,0.0,0.0,2.23,0.0,20295.18,0.0,0.02,0.0,0.02,test_8,0
2026-09-15 10:14:43.125,2036260,2076332,1974352,72652,2097152,12663.19,0.0,0.0,2.23,0.0,0.0,0.0,0.02,0.0,0.02,test_8,0
2026-09-15 10:14:44.134,1979812,2019884,2030800,72652,2097152,12685.34,0.0,0.0,2.23,0.0,0.0,0.0,0.02,0.0,0.02,test_8,0
2026-09-15 10:14:45.138,1931788,1971860,2078824,72652,2097152,12748.25,0.0,0.0,2.24,0.0,0.0,0.0,0.02,0.0,0.02,test_8,0
2026-09-15 10:14:46.161,1875260,1915304,2135352,72652,2097152,12510.4,0.0,0.0,2.44,0.0,0.0,0.0,0.02,0.0,0.02,test_8,0
2026-09-15 10:14:47.166,1826876,1866920,2183736,72652,2097152,12732.76,0.0,0.0,2.49,0.0,0.0,0.0,0.02,0.0,0.02,test_8,0
2026-09-15 10:14:48.170,1776700,1816744,2233912,72652,2097152,12754.12,0.0,0.0,2.24,0.0,0.0,0.0,0.02,0.0,0.02,test_8,0
2026-09-15 10:14:49.182,1760716,1800760,2249896,72652,2097152,3586.59,0.0,0.0,0.99,0.0,0.0,0.0,0.02,0.0,0.02,test_8,0
2026-09-15 10:14:50.192,1728316,1768360,2282296,72652,2097152,9083.76,0.0,0.0,1.98,0.0,0.0,0.0,0.02,0.0,0.02,test_8,0
2026-09-15 10:14:51.195,1671868,1711912,2338744,72652,2097152,12759.53,0.0,0.0,2.24,0.0,0.0,0.0,0.01,0.0,0.01,test_8,0
2026-09-15 10:14:52.199,1623484,1663528,2387128,72652,2097152,12750.2,0.0,0.0,2.24,0.0,0.0,0.0,0.01,0.0,0.01,test_8,0
2026-09-15 10:14:53.208,1567036,1607080,2443576,72652,2097152,12679.58,0.0,0.0,2.23,0.0,0.0,0.0,0.01,0.0,0.01,test_8,0
2026-09-15 10:14:54.256,1518652,1558696,2491960,72652,2097152,12214.12,0.0,0.0,2.15,0.0,0.0,0.0,0.01,0.0,0.01,test_8,0
2026-09-15 10:14:55.264,1470268,1510312,2540344,72652,2097152,12701.29,0.0,0.0,2.48,0.0,0.0,0.0,0.01,0.0,0.01,test_8,0
2026-09-15 10:14:56.279,1413820,1453864,2596792,72652,2097152,12620.69,0.0,0.0,1.98,0.0,0.0,0.0,0.01,0.0,0.01,test_8,0
2026-09-15 10:14:57.292,1365436,1405480,2645176,72652,2097152,12628.7,0.0,0.0,1.98,0.0,0.0,0.0,0.01,0.0,0.01,test_8,0
2026-09-15 10:14:58.303,1317052,1357096,2693560,72652,2097152,12670.05,0.0,0.0,1.98,0.0,0.0,0.0,0.01,0.0,0.01,test_8,0
2026-09-15 10:14:59.305,1293224,1333268,2717388,72652,2097152,6707.38,0.0,0.0,1.25,0.0,0.0,0.0,0.01,0.0,0.01,test_8,0
2026-09-15 10:15:00.328,1268920,1308964,2741692,72652,2097152,5939.97,0.0,0.0,1.7,0.0,0.0,0.0,0.01,0.0,0.01,test_8,0
2026-09-15 10:15:01.342,1212472,1252516,2798140,72652,2097152,12622.97,0.0,0.0,2.22,0.0,0.0,0.0,0.01,0.0,0.01,test_8,0
2026-09-15 10:15:02.347,1164088,1204132,2846524,72652,2097152,12739.54,0.0,0.0,2.0,0.0,0.0,0.0,0.01,0.0,0.01,test_8,0
2026-09-15 10:15:03.363,1115704,1155748,2894908,72652,2097152,12601.32,0.0,0.0,2.46,0.0,0.0,0.0,0.01,0.0,0.01,test_8,0
2026-09-15 10:15:04.377,1059256,1099300,2951356,72652,2097152,12627.86,0.0,0.0,2.22,0.0,0.0,0.0,0.01,0.0,0.01,test_8,0
2026-09-15 10:15:05.394,1010872,1050916,2999740,72652,2097152,12580.09,0.0,0.0,2.45,0.0,0.0,0.0,0.01,0.0,0.01,test_8,0
2026-09-15 10:15:06.409,962488,1002532,3048124,72652,2097152,12619.25,0.0,0.0,1.98,0.0,0.0,0.0,0.01,0.0,0.01,test_8,0
2026-09-15 10:15:07.415,906040,946084,3104572,72652,2097152,12723.81,0.0,0.0,2.48,0.0,28499.1,0.0,0.01,0.0,0.01,test_8,0
2026-09-15 10:15:07.866,752824,792868,3257788,72652,2097152,12669.78,0.0,0.0,2.24,0.0,0.0,0.0,0.01,0.0,0.01,test_8,0
2026-09-15 10:15:08.429,849592,889636,3161020,72652,2097152,12615.22,0.0,0.0,2.22,0.0,0.0,0.0,0.01,0.0,0.01,test_8,0
2026-09-15 10:15:08.869,696376,736420,3314236,72652,2097152,12757.26,0.0,0.0,2.48,0.0,0.0,0.0,0.01,0.0,0.01,test_8,0
2026-09-15 10:15:09.438,801208,841252,3209404,72652,2097152,12688.99,0.0,0.0,2.23,0.0,0.0,0.0,0.01,0.0,0.01,test_8,0
2026-09-15 10:15:09.875,696376,736420,3314236,72652,2097152,0.0,0.0,0.0,0.0,0.0,0.0,0.0,0.01,0.0,0.01,test_8,0
2026-09-15 10:15:10.882,648244,688288,3362368,72652,2097152,12716.51,0.0,0.0,1.75,0.0,0.0,0.0,0.01,0.0,0.01,test_8,0
2026-09-15 10:15:11.890,591796,631840,3418816,72652,2097152,12699.04,0.0,0.0,2.48,0.0,0.0,0.0,0.01,0.0,0.01,test_8,0
2026-09-15 10:15:12.896,543412,583456,3467200,72652,2097152,12720.79,0.0,0.0,2.24,0.0,20351.68,0.0,0.01,0.0,0.01,test_8,0
2026-09-15 10:15:13.901,495032,535072,3515580,72652,2097152,12737.74,0.0,0.0,2.48,0.0,0.0,0.0,0.01,0.0,0.01,test_8,0
2026-09-15 10:15:14.912,438584,478624,3572028,72652,2097152,12655.84,0.0,0.0,2.23,0.0,0.0,0.0,0.01,0.0,0.01,test_8,0
2026-09-15 10:15:15.916,390176,430240,3620436,72652,2097152,12754.22,0.0,0.0,2.73,0.0,0.0,0.0,0.01,0.0,0.01,test_8,0
2026-09-15 10:15:16.946,334256,374296,3676356,72652,2097152,12428.2,0.0,0.0,2.19,0.0,0.0,0.0,0.01,0.0,0.01,test_8,0
2026-09-15 10:15:18.022,285872,325912,3724740,72652,2097152,11894.79,0.0,0.0,2.33,0.0,0.0,0.0,0.01,0.0,0.01,test_8,0
2026-09-15 10:15:19.085,237488,277528,3773124,72652,2097152,12045.39,0.0,0.0,2.35,0.0,0.0,0.0,0.01,0.0,0.01,test_8,0
2026-09-15 10:15:20.091,181040,221080,3829572,72652,2097152,12726.9,0.0,0.0,3.47,0.0,0.0,0.0,0.01,0.0,0.01,test_8,1
2026-09-15 10:15:21.096,173048,213088,3837564,72652,2097152,1876.77,0.0,0.0,0.25,0.0,0.0,0.0,0.0,0.0,0.0,test_8,1
2026-09-15 10:15:22.099,132656,172696,3877956,72652,2097152,10880.05,0.0,0.0,2.99,0.0,0.0,0.0,0.0,0.0,0.0,test_8,1
2026-09-15 10:15:23.103,76208,116248,3934404,72652,2097152,12744.27,0.0,0.0,2.99,0.0,0.0,0.0,0.0,0.0,0.0,test_8,1
2026-09-15 10:15:24.107,19760,59800,3990852,72652,2097152,12751.66,0.0,0.0,2.49,0.0,0.0,0.0,0.0,0.0,0.0,test_8,1
2026-09-15 10:15:25.109,9188,59828,4001424,77948,2097152,12775.5,0.0,1300.2,18.55,3743876.59,5366495.59,1.99,0.36,1.99,0.36,test_8,0
2026-09-15 10:15:26.119,24596,75220,3986016,149724,2097152,12687.15,7.92,17786.18,10.05,32456.28,72852177.03,1.99,0.36,1.99,0.36,test_8,0
2026-09-15 10:15:27.127,58424,109064,3952188,226644,2097152,12692.5,0.0,19066.02,8.56,0.0,78094419.62,6.7,1.27,6.7,1.27,test_8,0
2026-09-15 10:15:28.133,41084,91772,3969528,267460,2097152,12736.56,0.0,10151.64,4.69,0.0,41581108.22,6.7,1.27,6.7,1.27,test_8,0
2026-09-15 10:15:29.142,30900,81640,3979712,307384,2097152,12681.83,0.0,9887.09,5.42,0.0,40497523.2,6.7,1.27,6.7,1.27,test_8,0
2026-09-15 10:15:30.145,4492,55360,4006120,297128,2097152,18952.81,3.99,9708.68,6.67,16332.99,39191004.07,6.21,1.36,6.21,1.36,test_8,0
2026-09-15 10:15:31.150,42332,93980,3968280,359352,2097152,159401.17,4.97,58624.43,41.63,20376.22,240700257.35,6.21,1.36,6.21,1.36,test_8,0
2026-09-15 10:15:32.153,41260,92980,3969352,359352,2097152,230493.93,1.0,0.0,25.06,8168.11,0.0,6.53,1.58,6.53,1.58,test_8,0
2026-09-15 10:15:33.169,41644,93364,3968968,359352,2097152,74880.21,4.92,0.0,9.14,20161.53,0.0,6.53,1.58,6.53,1.58,test_8,0
2026-09-15 10:15:34.180,25908,77892,3984704,400736,2097152,139205.66,0.0,10227.06,20.58,0.0,41890036.85,5.35,1.52,5.35,1.52,test_8,0
2026-09-15 10:15:35.184,26124,78108,3984488,400736,2097152,251336.0,0.0,0.0,25.37,0.0,0.0,5.35,1.52,5.35,1.52,test_8,0
2026-09-15 10:15:36.197,26564,78520,3984048,400736,2097152,92156.03,0.0,0.0,10.1,0.0,0.0,4.38,1.47,4.38,1.47,test_8,0
2026-09-15 10:15:37.206,26740,78696,3983872,400736,2097152,137384.13,0.0,0.0,14.39,0.0,0.0,4.38,1.47,4.38,1.47,test_8,0
2026-09-15 10:15:37.705,62936,108312,3947676,402512,2097152,115969.95,26.92,446.74,14.21,4668602.4,1829863.41,2.93,1.38,2.93,1.38,test_8,0
2026-09-15 10:15:38.213,26740,78696,3983872,400736,2097152,232548.79,0.0,0.0,25.43,0.0,0.0,3.58,1.42,3.58,1.42,test_8,0
2026-09-15 10:15:38.710,63380,108756,3947232,402512,2097152,241745.91,0.0,0.0,25.31,0.0,0.0,2.93,1.38,2.93,1.38,test_8,0
2026-09-15 10:15:39.217,33492,83332,3977120,400724,2097152,113217.87,27.87,0.0,11.97,4440379.93,0.0,3.58,1.42,3.58,1.42,test_8,0
2026-09-15 10:15:39.738,63916,109292,3946696,402512,2097152,123767.73,0.0,0.0,12.68,0.0,0.0,2.4,1.33,2.4,1.33,test_8,0
2026-09-15 10:15:40.743,22764,68140,3987848,402512,2097152,100616.93,0.0,0.0,11.91,0.0,0.0,2.4,1.33,2.4,1.33,test_8,0
2026-09-15 10:15:41.746,25928,71312,3984684,405152,2097152,236504.6,0.0,657.98,25.62,0.0,2695070.91,2.4,1.33,2.4,1.33,test_8,0
2026-09-15 10:15:42.751,25796,71180,3984816,405152,2097152,147323.71,0.0,0.0,16.26,0.0,0.0,1.96,1.29,1.96,1.29,test_8,0
2026-09-15 10:15:43.758,26428,72168,3984184,447524,2097152,73711.16,0.0,10520.94,12.66,4068.52,43114123.05,1.96,1.29,1.96,1.29,test_8,0
2026-09-15 10:15:44.775,27068,72788,3983544,447524,2097152,242759.81,0.0,0.0,25.12,0.0,0.0,1.79,1.28,1.79,1.28,test_8,0
2026-09-15 10:15:45.785,36988,82720,3973624,450044,2097152,163645.82,0.0,623.65,17.24,0.0,2554486.73,1.79,1.28,1.79,1.28,test_8,0
2026-09-15 10:15:46.836,41628,87360,3968984,450044,2097152,88080.9,0.0,0.0,9.26,0.0,0.0,1.46,1.24,1.46,1.24,test_8,0
2026-09-15 10:15:47.882,45892,91624,3964720,450044,2097152,251175.97,0.0,0.0,25.12,0.0,0.0,1.46,1.24,1.46,1.24,test_8,0
2026-09-15 10:15:48.922,46304,92036,3964308,450044,2097152,126125.9,0.0,0.0,13.64,0.0,0.0,1.2,1.2,1.2,1.2,test_8,0
2026-09-15 10:15:49.929,81024,126756,3929588,450044,2097152,105105.04,0.0,0.0,11.34,0.0,0.0,1.2,1.2,1.2,1.2,test_8,0
2026-09-15 10:15:50.933,57576,103308,3953036,450044,2097152,229264.45,0.0,0.0,24.75,0.0,0.0,0.98,1.16,0.98,1.16,test_8,0
2026-09-15 10:15:51.943,51848,97580,3958764,450044,2097152,148944.81,0.0,0.0,15.76,0.0,0.0,0.98,1.16,0.98,1.16,test_8,0
2026-09-15 10:15:52.949,34812,80544,3975800,450044,2097152,88273.13,0.0,0.0,10.2,0.0,0.0,0.8,1.12,0.8,1.12,test_8,0
2026-09-15 10:15:53.956,30596,76328,3980016,450044,2097152,229713.6,0.0,0.0,25.12,0.0,0.0,0.8,1.12,0.8,1.12,test_8,0
2026-09-15 10:15:54.959,30180,75912,3980432,450044,2097152,165851.39,0.0,0.0,18.32,0.0,0.0,0.65,1.08,0.65,1.08,test_8,0
2026-09-15 10:15:55.982,31256,76988,3979356,450044,2097152,70864.56,0.0,0.0,7.33,0.0,0.0,0.65,1.08,0.65,1.08,test_8,0
2026-09-15 10:15:56.987,36080,81812,3974532,450044,2097152,246132.41,0.0,0.0,25.31,0.0,0.0,0.65,1.08,0.65,1.08,test_8,0
2026-09-15 10:15:57.994,46192,91924,3964420,450044,2097152,165479.68,0.0,0.0,17.08,0.0,0.0,0.54,1.04,0.54,1.04,test_8,0
2026-09-15 10:15:58.996,42400,88132,3968212,450044,2097152,80267.9,0.0,0.0,7.75,0.0,0.0,0.54,1.04,0.54,1.04,test_8,0
2026-09-15 10:15:59.999,42496,88228,3968116,450044,2097152,252713.54,0.0,0.0,25.19,0.0,0.0,0.44,1.01,0.44,1.01,test_8,0
2026-09-15 10:16:01.032,46140,91872,3964472,450044,2097152,147726.84,0.0,0.0,15.25,0.0,0.0,0.44,1.01,0.44,1.01,test_8,0
2026-09-15 10:16:02.039,60700,106432,3949912,450044,2097152,90323.18,0.0,0.0,9.45,8134.29,0.0,0.36,0.98,0.36,0.98,test_8,0
2026-09-15 10:16:03.043,60860,106592,3949752,450044,2097152,250514.77,0.0,0.0,25.31,0.0,0.0,0.36,0.98,0.36,0.98,test_8,0
2026-09-15 10:16:04.049,49768,95500,3960844,450044,2097152,143042.58,0.0,0.0,14.64,0.0,0.0,0.29,0.94,0.29,0.94,test_8,0
2026-09-15 10:16:05.052,48380,94112,3962232,450044,2097152,104359.91,0.0,0.0,10.22,0.0,0.0,0.29,0.94,0.29,0.94,test_8,0
2026-09-15 10:16:06.057,48128,93860,3962484,450044,2097152,252417.53,0.0,0.0,25.12,0.0,0.0,0.24,0.91,0.24,0.91,test_8,0
2026-09-15 10:16:07.089,48060,93792,3962552,450044,2097152,124095.02,0.0,0.0,12.83,0.0,0.0,0.24,0.91,0.24,0.91,test_8,0
2026-09-15 10:16:07.605,50092,95824,3960520,450044,2097152,109716.19,0.0,0.0,10.78,0.0,0.0,0.16,0.85,0.16,0.85,test_8,0
2026-09-15 10:16:08.095,50096,95828,3960516,450044,2097152,127302.61,0.0,0.0,12.94,0.0,28513.56,0.19,0.88,0.19,0.88,test_8,0
2026-09-15 10:16:08.609,43928,89660,3966684,450044,2097152,138934.68,0.0,0.0,13.93,0.0,0.0,0.16,0.85,0.16,0.85,test_8,0
2026-09-15 10:16:09.098,50152,95884,3960460,450044,2097152,247521.48,0.0,0.0,25.5,0.0,0.0,0.19,0.88,0.19,0.88,test_8,0
2026-09-15 10:16:09.613,51712,97444,3958900,450044,2097152,251539.82,0.0,0.0,25.0,0.0,0.0,0.16,0.85,0.16,0.85,test_8,0
2026-09-15 10:16:10.665,56348,102080,3954264,450044,2097152,89827.27,0.0,0.0,9.5,0.0,0.0,0.13,0.83,0.13,0.83,test_8,0
2026-09-15 10:16:11.668,53324,99056,3957288,450044,2097152,147528.27,0.0,0.0,15.96,0.0,4080.66,0.13,0.83,0.13,0.83,test_8,0
2026-09-15 10:16:12.674,48064,93796,3962548,450044,2097152,234849.23,0.0,0.0,24.88,0.0,20372.11,0.1,0.8,0.1,0.8,test_8,0
2026-09-15 10:16:13.699,51300,97032,3959312,450044,2097152,99750.77,0.0,0.0,9.78,0.0,0.0,0.1,0.8,0.1,0.8,test_8,0
2026-09-15 10:16:14.702,53508,99240,3957104,450044,2097152,154770.88,0.0,0.0,15.67,0.0,0.0,0.08,0.77,0.08,0.77,test_8,0
2026-09-15 10:16:15.708,53736,99468,3956876,450044,2097152,254952.59,0.0,0.0,25.31,0.0,0.0,0.08,0.77,0.08,0.77,test_8,0
2026-09-15 10:16:16.767,59780,105512,3950832,450044,2097152,70546.47,0.0,0.0,7.75,0.0,0.0,0.07,0.75,0.07,0.75,test_8,0
2026-09-15 10:16:17.772,52252,97984,3958360,450044,2097152,178301.52,0.0,0.0,17.91,0.0,0.0,0.07,0.75,0.07,0.75,test_8,0
2026-09-15 10:16:18.788,60140,105872,3950472,450044,2097152,249415.57,0.0,0.0,25.19,0.0,0.0,0.05,0.72,0.05,0.72,test_8,0
2026-09-15 10:16:19.807,61668,107400,3948944,450044,2097152,52911.07,0.0,0.0,5.62,0.0,0.0,0.05,0.72,0.05,0.72,test_8,0
2026-09-15 10:16:20.813,60808,106540,3949804,450044,2097152,199426.54,0.0,0.0,19.4,0.0,0.0,0.04,0.7,0.04,0.7,test_8,0
2026-09-15 10:16:21.842,52876,98608,3957736,450044,2097152,253773.11,0.0,0.0,25.42,0.0,0.0,0.04,0.7,0.04,0.7,test_8,0
2026-09-15 10:16:22.871,59340,105072,3951272,450044,2097152,24055.09,0.0,0.0,3.16,0.0,0.0,0.03,0.67,0.03,0.67,test_8,0
2026-09-15 10:16:23.876,58932,104664,3951680,450044,2097152,223193.71,0.0,0.0,22.83,0.0,0.0,0.03,0.67,0.03,0.67,test_8,0
2026-09-15 10:16:24.904,58936,104668,3951676,450044,2097152,248701.29,0.0,0.0,25.12,0.0,0.0,0.03,0.67,0.03,0.67,test_8,0
2026-09-15 10:16:25.945,59460,105192,3951152,450044,2097152,6242.71,0.0,0.0,1.43,0.0,0.0,0.03,0.65,0.03,0.65,test_8,0
2026-09-15 10:16:26.967,27352,73084,3983260,450044,2097152,235874.33,0.0,0.0,25.3,0.0,0.0,0.03,0.65,0.03,0.65,test_8,0
2026-09-15 10:16:27.989,34524,80264,3976088,452748,2097152,240082.27,0.0,661.29,24.45,0.0,2708630.1,0.02,0.63,0.02,0.63,test_8,0
2026-09-15 10:16:29.009,34376,80116,3976236,452748,2097152,5340.06,0.0,0.0,0.49,0.0,0.0,0.02,0.63,0.02,0.63,test_8,0
2026-09-15 10:16:30.013,31036,76776,3979576,452748,2097152,247562.39,0.0,0.0,25.12,0.0,0.0,0.02,0.61,0.02,0.61,test_8,0
2026-09-15 10:16:31.021,33644,79384,3976968,452748,2097152,230605.88,0.0,0.0,23.33,0.0,0.0,0.02,0.61,0.02,0.61,test_8,0
2026-09-15 10:16:32.024,33576,79316,3977036,452748,2097152,18400.5,0.0,0.0,1.75,0.0,0.0,0.01,0.59,0.01,0.59,test_8,0
2026-09-15 10:16:33.027,38964,84704,3971648,452748,2097152,254723.72,0.0,0.0,25.86,0.0,0.0,0.01,0.59,0.01,0.59,test_8,0
2026-09-15 10:16:34.039,39172,84912,3971440,452748,2097152,209934.77,0.0,0.0,20.35,0.0,0.0,0.01,0.57,0.01,0.57,test_8,0
2026-09-15 10:16:35.041,44364,90104,3966248,452748,2097152,42204.27,0.0,0.0,4.24,0.0,0.0,0.01,0.57,0.01,0.57,test_8,0
2026-09-15 10:16:36.046,48096,93836,3962516,452748,2097152,234850.65,0.0,0.0,25.0,0.0,0.0,0.01,0.55,0.01,0.55,test_8,0
2026-09-15 10:16:37.056,48404,94144,3962208,452748,2097152,206134.27,0.0,0.0,22.91,0.0,0.0,0.01,0.55,0.01,0.55,test_8,0
2026-09-15 10:16:37.560,53792,99280,3956820,452748,2097152,201082.54,0.0,0.0,21.62,0.0,0.0,0.0,0.53,0.0,0.53,test_8,0
2026-09-15 10:16:38.059,46656,92396,3963956,452748,2097152,27922.8,0.0,0.0,2.74,0.0,0.0,0.0,0.53,0.0,0.53,test_8,0
2026-09-15 10:16:38.564,55460,100948,3955152,452748,2097152,48689.61,0.0,0.0,4.98,0.0,0.0,0.0,0.51,0.0,0.51,test_8,0
2026-09-15 10:16:39.070,50408,95896,3960204,452748,2097152,253669.24,0.0,0.0,25.43,522365.34,28345.41,0.0,0.53,0.0,0.53,test_8,0
2026-09-15 10:16:39.567,50328,95816,3960284,452748,2097152,244426.68,0.0,0.0,25.19,0.0,0.0,0.0,0.51,0.0,0.51,test_8,0
2026-09-15 10:16:40.588,60492,105980,3950120,452748,2097152,188431.72,0.0,0.0,20.19,0.0,0.0,0.0,0.5,0.0,0.5,test_8,0
2026-09-15 10:16:41.609,57676,103164,3952936,452748,2097152,62687.05,0.0,0.0,5.65,0.0,0.0,0.0,0.5,0.0,0.5,test_8,0
2026-09-15 10:16:42.627,59272,104760,3951340,452748,2097152,251678.64,0.0,0.0,25.49,0.0,0.0,0.0,0.48,0.0,0.48,test_8,0
2026-09-15 10:16:43.640,60680,106168,3949932,452748,2097152,164132.06,0.0,0.0,17.11,0.0,20199.29,0.0,0.48,0.0,0.48,test_8,0
2026-09-15 10:16:44.654,61704,107192,3948908,452748,2097152,88435.03,0.0,0.0,9.31,0.0,0.0,0.0,0.46,0.0,0.46,test_8,0
2026-09-15 10:16:45.664,62236,107724,3948376,452748,2097152,243923.54,0.0,0.0,25.25,0.0,0.0,0.0,0.46,0.0,0.46,test_8,0
2026-09-15 10:16:46.667,62296,107784,3948316,452748,2097152,150009.03,0.0,0.0,15.42,0.0,0.0,0.0,0.45,0.0,0.45,test_8,0
2026-09-15 10:16:47.669,62928,108416,3947684,452748,2097152,102151.38,0.0,0.0,10.42,0.0,0.0,0.0,0.45,0.0,0.45,test_8,0
2026-09-15 10:16:48.691,62648,108136,3947964,452748,2097152,256998.78,0.0,0.0,25.61,0.0,0.0,0.0,0.43,0.0,0.43,test_8,0
2026-09-15 10:16:49.724,63408,108896,3947204,452748,2097152,117583.14,0.0,0.0,11.41,0.0,0.0,0.0,0.43,0.0,0.43,test_8,0
2026-09-15 10:16:50.729,61072,106560,3949540,452748,2097152,140050.65,0.0,0.0,14.14,0.0,0.0,0.0,0.42,0.0,0.42,test_8,0
2026-09-15 10:16:51.762,60812,106300,3949800,452748,2097152,249042.28,0.0,0.0,25.18,0.0,0.0,0.0,0.42,0.0,0.42,test_8,0
2026-09-15 10:16:52.773,60832,106320,3949780,452748,2097152,87388.15,0.0,0.0,8.68,0.0,0.0,0.0,0.42,0.0,0.42,test_8,0
2026-09-15 10:16:53.784,67456,112944,3943156,452748,2097152,0.0,0.0,0.0,0.25,0.0,0.0,0.0,0.4,0.0,0.4,test_8,0
2026-09-15 10:16:54.789,67456,112944,3943156,452748,2097152,0.0,0.0,0.0,0.25,0.0,0.0,0.0,0.4,0.0,0.4,test_8,0
2026-09-15 10:16:55.809,73360,118848,3937252,452748,2097152,0.0,0.0,0.0,0.0,0.0,0.0,0.0,0.39,0.0,0.39,test_8,0
2026-09-15 10:16:56.821,73360,118848,3937252,452748,2097152,0.0,0.0,0.0,0.0,0.0,0.0,0.0,0.39,0.0,0.39,test_8,0
2026-09-15 10:16:57.836,78400,123888,3932212,452748,2097152,0.0,0.0,0.0,0.0,0.0,0.0,0.0,0.38,0.0,0.38,test_8,0
2026-09-15 10:16:58.839,83048,128536,3927564,452748,2097152,0.0,0.0,0.0,0.0,0.0,0.0,0.0,0.38,0.0,0.38,test_8,0
2026-09-15 10:16:59.849,83048,128536,3927564,452748,2097152,0.0,0.0,0.0,0.0,0.0,0.0,0.0,0.36,0.0,0.36,test_8,0
2026-09-15 10:17:00.855,87004,132492,3923608,452748,2097152,0.0,0.0,0.0,0.0,0.0,0.0,0.0,0.36,0.0,0.36,test_8,0
2026-09-15 10:17:01.870,87360,130408,3923252,452740,2097152,679.33,17.75,0.0,1.23,5213747.22,0.0,0.0,0.35,0.0,0.35,test_8,0
2026-09-15 10:17:02.914,93024,135984,3917588,452740,2097152,0.0,0.0,0.0,0.24,0.0,0.0,0.0,0.35,0.0,0.35,test_8,0
2026-09-15 10:17:03.958,95256,138216,3915356,452740,2097152,0.0,0.0,0.0,0.0,0.0,0.0,0.0,0.34,0.0,0.34,test_8,0
2026-09-15 10:17:04.961,97300,140260,3913312,452740,2097152,0.0,0.0,0.0,0.0,0.0,0.0,0.0,0.34,0.0,0.34,test_8,0
2026-09-15 10:17:06.003,97428,140388,3913184,452740,2097152,0.0,0.0,0.0,0.0,0.0,0.0,0.0,0.33,0.0,0.33,test_8,0
2026-09-15 10:17:07.044,97916,140876,3912696,452740,2097152,0.0,0.0,0.0,0.0,0.0,0.0,0.0,0.33,0.0,0.33,test_8,0
2026-09-15 10:17:07.588,104016,146976,3906596,452740,2097152,7.97,0.0,0.0,0.25,0.0,0.0,0.0,0.32,0.0,0.32,test_8,0
2026-09-15 10:17:08.050,104124,147084,3906488,452740,2097152,0.0,0.0,0.0,0.74,0.0,36651.82,0.0,0.32,0.0,0.32,test_8,0
2026-09-15 10:17:08.624,104016,146976,3906596,452740,2097152,0.0,0.0,0.0,0.0,0.0,0.0,0.0,0.31,0.0,0.31,test_8,0
2026-09-15 10:17:09.078,104124,147084,3906488,452740,2097152,0.0,0.0,0.0,0.48,0.0,123591.36,0.0,0.32,0.0,0.32,test_8,0
2026-09-15 10:17:09.660,104036,146996,3906576,452740,2097152,0.0,0.0,0.0,0.24,0.0,0.0,0.0,0.31,0.0,0.31,test_8,0
2026-09-15 10:17:10.669,104036,146996,3906576,452740,2097152,0.0,0.0,0.0,0.0,0.0,0.0,0.0,0.3,0.0,0.3,test_8,0
2026-09-15 10:17:11.692,104072,146996,3906540,452740,2097152,0.0,0.0,0.0,0.0,0.0,40059.45,0.0,0.3,0.0,0.3,test_8,0
2026-09-15 10:17:12.727,104072,146996,3906540,452740,2097152,0.0,0.0,0.0,0.0,0.0,0.0,0.0,0.29,0.0,0.29,test_8,0
2026-09-15 10:17:13.737,104072,146996,3906540,452740,2097152,0.0,0.0,0.0,0.25,0.0,0.0,0.0,0.29,0.0,0.29,test_8,0
2026-09-15 10:17:14.751,104072,146996,3906540,452740,2097152,0.0,0.0,0.0,0.0,0.0,0.0,0.0,0.28,0.0,0.28,test_8,0
2026-09-15 10:17:15.762,104072,146996,3906540,452740,2097152,0.0,0.0,0.0,0.0,0.0,0.0,0.0,0.28,0.0,0.28,test_8,0
2026-09-15 10:17:16.769,104072,146996,3906540,452740,2097152,0.0,0.0,0.0,0.0,0.0,0.0,0.0,0.27,0.0,0.27,test_8,0
2026-09-15 10:17:17.772,104072,146996,3906540,452740,2097152,0.0,0.0,0.0,0.0,0.0,0.0,0.0,0.27,0.0,0.27,test_8,0
2026-09-15 10:17:18.791,104072,146996,3906540,452740,2097152,0.0,0.0,0.0,0.0,0.0,0.0,0.0,0.26,0.0,0.26,test_8,0
2026-09-15 10:17:19.813,104072,146996,3906540,452740,2097152,0.0,0.0,0.0,0.0,0.0,0.0,0.0,0.26,0.0,0.26,test_8,0
2026-09-15 10:17:20.825,1027244,1070168,2983368,452740,2097152,0.99,0.99,0.0,3.69,4047.27,0.0,0.0,0.25,0.0,0.25,test_8,0
2026-09-15 10:17:21.837,3642432,3685056,368180,84708,2097152,899.56,869.94,0.0,10.78,4323636.45,0.0,0.0,0.25,0.0,0.25,test_8,0
2026-09-15 10:17:22.848,3642508,3685052,368104,84708,2097152,0.0,0.0,0.0,1.01,0.0,0.0,0.0,0.25,0.0,0.25,test_8,0
2026-09-15 10:17:23.859,3642508,3685052,368104,84708,2097152,0.0,0.0,0.0,0.25,0.0,0.0,0.0,0.24,0.0,0.24,test_8,0
2026-09-15 10:17:24.864,3567280,3609824,443332,84708,2097152,0.0,0.0,0.0,0.0,0.0,0.0,0.0,0.24,0.0,0.24,test_8,0
2026-09-15 10:17:25.874,3642544,3685088,368068,84708,2097152,0.0,0.0,0.0,0.5,0.0,0.0,0.0,0.23,0.0,0.23,test_8,0
2026-09-15 10:17:26.880,3642712,3685256,367900,84708,2097152,0.0,0.0,0.0,0.5,0.0,0.0,0.0,0.23,0.0,0.23,test_8,0
2026-09-15 10:17:27.885,3642860,3685404,367752,84708,2097152,0.0,0.0,0.0,0.25,0.0,0.0,0.0,0.22,0.0,0.22,test_8,0
2026-09-15 10:17:28.929,3642860,3685404,367752,84708,2097152,0.0,0.0,0.0,0.0,0.0,0.0,0.0,0.22,0.0,0.22,test_8,0
2026-09-15 10:17:29.954,3642992,3685536,367620,84708,2097152,0.0,0.0,0.0,0.25,0.0,7990.15,0.0,0.22,0.0,0.22,test_8,0
2026-09-15 10:17:30.957,3643104,3685648,367508,84708,2097152,0.0,0.0,0.0,0.25,0.0,0.0,0.0,0.22,0.0,0.22,test_8,0
2026-09-15 10:17:31.993,3643204,3685748,367408,84708,2097152,0.0,0.0,0.0,0.49,0.0,0.0,0.0,0.21,0.0,0.21,test_8,0
2026-09-15 10:17:33.004,3643292,3685836,367320,84708,2097152,0.0,0.0,0.0,0.0,0.0,0.0,0.0,0.21,0.0,0.21,test_8,0
2026-09-15 10:17:34.046,3643368,3685912,367244,84708,2097152,0.0,0.0,0.0,0.24,0.0,0.0,0.0,0.2,0.0,0.2,test_8,0
2026-09-15 10:17:35.087,3643436,3685980,367176,84708,2097152,0.0,0.0,0.0,0.0,0.0,0.0,0.0,0.2,0.0,0.2,test_8,0
2026-09-15 10:17:36.091,3643496,3686040,367116,84708,2097152,0.0,0.0,0.0,0.51,0.0,0.0,0.0,0.19,0.0,0.19,test_8,0
2026-09-15 10:17:37.099,3643548,3686092,367064,84708,2097152,0.0,0.0,0.0,0.0,0.0,0.0,0.0,0.19,0.0,0.19,test_8,0
2026-09-15 10:17:37.644,3643664,3686208,366948,84708,2097152,6.93,0.0,0.0,0.25,0.0,0.0,0.0,0.19,0.0,0.19,test_8,0
2026-09-15 10:17:38.102,3643592,3686136,367020,84708,2097152,0.0,0.0,0.0,0.75,0.0,0.0,0.0,0.19,0.0,0.19,test_8,0
2026-09-15 10:17:38.656,3643704,3686248,366908,84708,2097152,0.0,0.0,0.0,0.0,0.0,0.0,0.0,0.18,0.0,0.18,test_8,0
2026-09-15 10:17:39.148,3643632,3686176,366980,84708,2097152,0.0,0.0,0.0,0.0,0.0,27407.41,0.0,0.19,0.0,0.19,test_8,0
2026-09-15 10:17:39.683,3643728,3686272,366884,84708,2097152,0.0,0.0,0.0,0.24,0.0,3986.21,0.0,0.18,0.0,0.18,test_8,0
2026-09-15 10:17:40.691,3643728,3686272,366884,84708,2097152,0.0,0.0,0.0,0.0,0.0,0.0,0.0,0.18,0.0,0.18,test_8,0
2026-09-15 10:17:41.696,3643728,3686272,366884,84708,2097152,0.0,0.0,0.0,0.0,0.0,0.0,0.0,0.18,0.0,0.18,test_8,0
2026-09-15 10:17:42.718,3643728,3686272,366884,84708,2097152,0.0,0.0,0.0,0.0,0.0,0.0,0.0,0.17,0.0,0.17,test_8,0
2026-09-15 10:17:43.746,3643728,3686272,366884,84708,2097152,0.0,0.0,0.0,0.24,0.0,19924.98,0.0,0.17,0.0,0.17,test_8,0
2026-09-15 10:17:44.749,3643728,3686272,366884,84708,2097152,0.0,0.0,0.0,0.0,0.0,0.0,0.0,0.16,0.0,0.16,test_8,0
2026-09-15 10:17:45.777,3643728,3686272,366884,84708,2097152,0.0,0.0,0.0,0.24,0.0,0.0,0.0,0.16,0.0,0.16,test_8,0
2026-09-15 10:17:46.806,3643728,3686272,366884,84708,2097152,0.0,0.0,0.0,0.0,0.0,0.0,0.0,0.16,0.0,0.16,test_8,0
2026-09-15 10:17:47.886,3643728,3686272,366884,84708,2097152,0.0,0.0,0.0,0.0,0.0,0.0,0.0,0.16,0.0,0.16,test_8,0
2026-09-15 10:17:48.897,3643728,3686272,366884,84708,2097152,0.0,0.0,0.0,0.0,0.0,0.0,0.0,0.15,0.0,0.15,test_8,0
2026-09-15 10:17:49.919,3643728,3686272,366884,84708,2097152,0.0,0.0,0.0,0.0,0.0,0.0,0.0,0.15,0.0,0.15,test_8,0
2026-09-15 10:17:50.935,3643728,3686272,366884,84708,2097152,0.0,0.0,0.0,0.25,0.0,0.0,0.0,0.15,0.0,0.15,test_8,0
2026-09-15 10:17:51.938,3643728,3686272,366884,84708,2097152,0.0,0.0,0.0,0.0,0.0,0.0,0.0,0.15,0.0,0.15,test_8,0
2026-09-15 10:17:52.942,3643728,3686272,366884,84708,2097152,0.0,0.0,0.0,0.0,0.0,0.0,0.0,0.14,0.0,0.14,test_8,0
2026-09-15 10:17:53.949,3643728,3686272,366884,84708,2097152,0.0,0.0,0.0,0.25,0.0,0.0,0.0,0.14,0.0,0.14,test_8,0
2026-09-15 10:17:54.971,3643728,3686272,366884,84708,2097152,0.0,0.0,0.0,0.0,0.0,0.0,0.0,0.14,0.0,0.14,test_8,0
2026-09-15 10:17:55.974,3643728,3686272,366884,84708,2097152,0.0,0.0,0.0,0.0,0.0,0.0,0.0,0.14,0.0,0.14,test_8,0
2026-09-15 10:17:56.979,3643728,3686272,366884,84708,2097152,0.0,0.0,0.0,0.25,0.0,0.0,0.0,0.14,0.0,0.14,test_8,0
2026-09-15 10:17:58.008,3643728,3686272,366884,84708,2097152,0.0,0.0,0.0,0.0,0.0,0.0,0.0,0.13,0.0,0.13,test_8,0
2026-09-15 10:18:50.427,3628156,3666800,382456,80812,2097152,2.95,0.0,0.0,0.25,0.0,0.0,0.0,0.05,0.0,0.05,test_9,0
2026-09-15 10:18:51.438,3628156,3666800,382456,80812,2097152,0.99,0.0,0.0,0.0,0.0,0.0,0.0,0.05,0.0,0.05,test_9,0
2026-09-15 10:18:52.483,3628156,3666800,382456,80812,2097152,0.96,0.0,0.0,0.0,0.0,0.0,0.0,0.05,0.0,0.05,test_9,0
2026-09-15 10:18:53.492,3571960,3610604,438652,80720,2097152,13854.23,17.84,0.0,3.46,73064.73,0.0,0.0,0.04,0.0,0.04,test_9,0
2026-09-15 10:18:54.509,3515764,3554408,494848,80720,2097152,12586.31,0.0,0.0,2.7,0.0,0.0,0.0,0.04,0.0,0.04,test_9,0
2026-09-15 10:18:55.514,3458932,3497576,551680,80720,2097152,12733.17,0.0,0.0,2.0,0.0,0.0,0.0,0.04,0.0,0.04,test_9,0
2026-09-15 10:18:56.529,3450940,3489584,559672,80720,2097152,3216.6,0.0,0.0,0.49,0.0,0.0,0.0,0.04,0.0,0.04,test_9,0
2026-09-15 10:18:57.576,3410548,3449192,600064,80720,2097152,9110.11,0.0,0.0,1.91,0.0,0.0,0.0,0.04,0.0,0.04,test_9,0
2026-09-15 10:18:58.612,3361268,3399912,649344,80720,2097152,12350.12,0.0,0.0,2.64,0.0,0.0,0.0,0.04,0.0,0.04,test_9,0
2026-09-15 10:18:59.616,3305092,3343716,705520,80720,2097152,12758.45,0.0,0.0,2.24,0.0,0.0,0.0,0.04,0.0,0.04,test_9,0
2026-09-15 10:19:00.645,3256708,3295332,753904,80720,2097152,12436.22,0.0,0.0,2.66,0.0,0.0,0.0,0.04,0.0,0.04,test_9,0
2026-09-15 10:19:01.689,3208324,3246948,802288,80720,2097152,12261.66,0.0,0.0,1.92,0.0,0.0,0.0,0.04,0.0,0.04,test_9,0
2026-09-15 10:19:02.736,3151876,3190500,858736,80720,2097152,12229.43,0.0,0.0,2.38,0.0,0.0,0.0,0.04,0.0,0.04,test_9,0
2026-09-15 10:19:03.784,3103492,3142116,907120,80720,2097152,12208.85,0.0,0.0,1.91,0.0,0.0,0.0,0.04,0.0,0.04,test_9,0
2026-09-15 10:19:04.790,3055140,3093764,955472,80720,2097152,12736.02,0.0,0.0,2.72,0.0,0.0,0.0,0.04,0.0,0.04,test_9,0
2026-09-15 10:19:05.826,2998692,3037316,1011920,80720,2097152,12355.63,0.0,0.0,2.66,0.0,0.0,0.0,0.04,0.0,0.04,test_9,0
2026-09-15 10:19:06.870,2950376,2989000,1060236,80720,2097152,12258.22,0.0,0.0,2.4,0.0,0.0,0.0,0.03,0.0,0.03,test_9,0
2026-09-15 10:19:07.913,2901992,2940616,1108620,80720,2097152,12272.87,0.0,0.0,2.39,0.0,0.0,0.0,0.03,0.0,0.03,test_9,0
2026-09-15 10:19:08.490,2780976,2819600,1229636,80720,2097152,1450.34,0.0,0.0,0.48,0.0,0.0,0.0,0.03,0.0,0.03,test_9,0
2026-09-15 10:19:08.958,2845388,2884012,1165224,80720,2097152,12252.65,0.0,0.0,2.4,0.0,27443.8,0.0,0.03,0.0,0.03,test_9,0
2026-09-15 10:19:09.503,2732560,2771184,1278052,80720,2097152,11165.52,0.0,0.0,1.98,0.0,0.0,0.0,0.03,0.0,0.03,test_9,0
2026-09-15 10:19:09.961,2789040,2827664,1221572,80720,2097152,12729.27,0.0,0.0,2.48,0.0,0.0,0.0,0.03,0.0,0.03,test_9,0
2026-09-15 10:19:10.511,2676144,2714768,1334468,80720,2097152,12695.62,0.0,0.0,2.48,0.0,0.0,0.0,0.03,0.0,0.03,test_9,0
2026-09-15 10:19:11.554,2627752,2666376,1382860,80720,2097152,12278.19,0.0,0.0,2.16,0.0,3928.41,0.0,0.03,0.0,0.03,test_9,0
2026-09-15 10:19:12.586,2571312,2609936,1439300,80720,2097152,12405.28,0.0,0.0,1.95,0.0,0.0,0.0,0.03,0.0,0.03,test_9,0
2026-09-15 10:19:13.594,2522928,2561552,1487684,80720,2097152,12695.03,0.0,0.0,2.23,0.0,20310.46,0.0,0.03,0.0,0.03,test_9,0
2026-09-15 10:19:14.639,2474548,2513168,1536064,80720,2097152,12248.76,0.0,0.0,2.15,0.0,0.0,0.0,0.03,0.0,0.03,test_9,0
2026-09-15 10:19:15.681,2418100,2456720,1592512,80720,2097152,12281.95,0.0,0.0,2.16,0.0,0.0,0.0,0.03,0.0,0.03,test_9,0
2026-09-15 10:19:16.692,2369716,2408336,1640896,80720,2097152,12667.11,0.0,0.0,2.23,0.0,0.0,0.0,0.03,0.0,0.03,test_9,0
2026-09-15 10:19:17.697,2321332,2359952,1689280,80720,2097152,12738.05,0.0,0.0,2.0,0.0,0.0,0.0,0.03,0.0,0.03,test_9,0
2026-09-15 10:19:18.716,2272948,2311568,1737664,80720,2097152,12556.27,0.0,0.0,2.21,0.0,0.0,0.0,0.03,0.0,0.03,test_9,0
2026-09-15 10:19:19.729,2224564,2263184,1786048,80720,2097152,12646.51,0.0,0.0,2.22,0.0,0.0,0.0,0.02,0.0,0.02,test_9,0
2026-09-15 10:19:20.743,2200440,2239060,1810172,80720,2097152,5994.81,0.0,0.0,1.23,0.0,0.0,0.0,0.02,0.0,0.02,test_9,0
2026-09-15 10:19:21.749,2168116,2206736,1842496,80720,2097152,6680.46,0.0,0.0,1.24,0.0,0.0,0.0,0.02,0.0,0.02,test_9,0
2026-09-15 10:19:22.768,2111668,2150288,1898944,80720,2097152,12556.25,0.0,0.0,2.21,0.0,0.0,0.0,0.02,0.0,0.02,test_9,0
2026-09-15 10:19:23.786,2063284,2101904,1947328,80720,2097152,12573.64,0.0,0.0,2.21,0.0,0.0,0.0,0.02,0.0,0.02,test_9,0
2026-09-15 10:19:24.804,2014900,2053520,1995712,80720,2097152,12582.22,0.0,0.0,2.22,0.0,0.0,0.0,0.02,0.0,0.02,test_9,0
2026-09-15 10:19:25.821,1956640,1995280,2053972,80720,2097152,12582.39,0.0,0.0,2.21,0.0,0.0,0.0,0.02,0.0,0.02,test_9,0
2026-09-15 10:19:26.870,1908528,1947148,2102084,80720,2097152,12211.32,0.0,0.0,1.91,0.0,0.0,0.0,0.02,0.0,0.02,test_9,0
2026-09-15 10:19:27.915,1860144,1898764,2150468,80720,2097152,12248.15,0.0,0.0,2.39,0.0,0.0,0.0,0.02,0.0,0.02,test_9,0
2026-09-15 10:19:28.929,1803696,1842316,2206916,80720,2097152,12623.57,0.0,0.0,2.46,0.0,0.0,0.0,0.02,0.0,0.02,test_9,0
2026-09-15 10:19:29.963,1755312,1793932,2255300,80720,2097152,12380.9,0.0,0.0,1.94,0.0,0.0,0.0,0.02,0.0,0.02,test_9,0
2026-09-15 10:19:30.987,1706928,1745548,2303684,80720,2097152,12493.82,0.0,0.0,2.67,0.0,0.0,0.0,0.02,0.0,0.02,test_9,0
2026-09-15 10:19:32.004,1650480,1689100,2360132,80720,2097152,12584.19,0.0,0.0,1.97,0.0,0.0,0.0,0.02,0.0,0.02,test_9,0
2026-09-15 10:19:33.011,1602096,1640716,2408516,80720,2097152,12713.44,0.0,0.0,2.24,0.0,0.0,0.0,0.02,0.0,0.02,test_9,0
2026-09-15 10:19:34.014,1569980,1608600,2440632,80720,2097152,7995.82,0.0,0.0,1.5,0.0,0.0,0.0,0.02,0.0,0.02,test_9,0
2026-09-15 10:19:35.017,1553712,1592332,2456900,80720,2097152,4771.3,0.0,0.0,1.0,0.0,0.0,0.0,0.02,0.0,0.02,test_9,0
2026-09-15 10:19:36.036,1497264,1535884,2513348,80720,2097152,12559.94,0.0,0.0,2.21,0.0,0.0,0.0,0.02,0.0,0.02,test_9,0
2026-09-15 10:19:37.052,1448880,1487500,2561732,80720,2097152,12591.94,0.0,0.0,2.46,0.0,0.0,0.0,0.02,0.0,0.02,test_9,0
2026-09-15 10:19:38.055,1401484,1440104,2609128,80720,2097152,12767.39,0.0,0.0,2.01,0.0,0.0,0.0,0.02,0.0,0.02,test_9,0
2026-09-15 10:19:38.616,1242960,1281580,2767652,80720,2097152,12298.0,0.0,0.0,2.4,0.0,0.0,0.0,0.01,0.0,0.01,test_9,0
2026-09-15 10:19:39.064,1347112,1385732,2663500,80720,2097152,12683.82,0.0,0.0,2.47,0.0,32468.05,0.0,0.02,0.0,0.02,test_9,0
2026-09-15 10:19:39.657,1194576,1233196,2816036,80720,2097152,12299.52,0.0,0.0,2.4,0.0,0.0,0.0,0.01,0.0,0.01,test_9,0
2026-09-15 10:19:40.069,1299408,1338028,2711204,80720,2097152,12736.55,0.0,0.0,2.24,0.0,0.0,0.0,0.02,0.0,0.02,test_9,0
2026-09-15 10:19:40.686,1146192,1184812,2864420,80720,2097152,12439.0,0.0,0.0,2.67,0.0,0.0,0.0,0.01,0.0,0.01,test_9,0
2026-09-15 10:19:41.751,1089744,1128364,2920868,80720,2097152,12011.3,0.0,0.0,2.11,0.0,0.0,0.0,0.01,0.0,0.01,test_9,0
2026-09-15 10:19:42.788,1041360,1079980,2969252,80720,2097152,12350.87,0.0,0.0,2.41,0.0,19759.85,0.0,0.01,0.0,0.01,test_9,0
2026-09-15 10:19:43.817,1041360,1079980,2969252,80720,2097152,844.34,0.0,0.0,0.24,0.0,0.0,0.0,0.01,0.0,0.01,test_9,0
2026-09-15 10:19:44.821,992976,1031596,3017636,80720,2097152,11884.61,0.0,0.0,2.73,0.0,0.0,0.0,0.01,0.0,0.01,test_9,0
2026-09-15 10:19:45.828,936528,975148,3074084,80720,2097152,12714.01,0.0,0.0,2.23,0.0,0.0,0.0,0.01,0.0,0.01,test_9,0
2026-09-15 10:19:46.839,888144,926764,3122468,80720,2097152,12657.16,0.0,0.0,2.23,0.0,0.0,0.0,0.01,0.0,0.01,test_9,0
2026-09-15 10:19:47.842,839760,878380,3170852,80720,2097152,12769.36,0.0,0.0,2.24,0.0,0.0,0.0,0.01,0.0,0.01,test_9,0
2026-09-15 10:19:48.847,783312,821932,3227300,80720,2097152,12736.08,0.0,0.0,2.24,0.0,0.0,0.0,0.01,0.0,0.01,test_9,0
2026-09-15 10:19:49.859,734928,773548,3275684,80720,2097152,12645.7,0.0,0.0,1.99,0.0,0.0,0.0,0.01,0.0,0.01,test_9,0
2026-09-15 10:19:50.898,686544,725164,3324068,80720,2097152,12319.53,0.0,0.0,2.16,0.0,0.0,0.0,0.01,0.0,0.01,test_9,0
2026-09-15 10:19:51.938,630096,668716,3380516,80720,2097152,12312.98,0.0,0.0,2.17,0.0,0.0,0.0,0.01,0.0,0.01,test_9,0
2026-09-15 10:19:52.979,581712,620332,3428900,80720,2097152,12296.34,0.0,0.0,2.16,0.0,0.0,0.0,0.01,0.0,0.01,test_9,0
2026-09-15 10:19:53.983,532304,570920,3478308,80720,2097152,12744.24,0.0,0.0,2.24,0.0,0.0,0.0,0.01,0.0,0.01,test_9,0
2026-09-15 10:19:54.986,483984,522600,3526628,80720,2097152,12111.29,0.0,0.0,2.49,0.0,0.0,0.0,0.01,0.0,0.01,test_9,0
2026-09-15 10:19:56.028,483920,522536,3526692,80720,2097152,1501.77,0.0,0.0,0.24,0.0,0.0,0.0,0.01,0.0,0.01,test_9,0
2026-09-15 10:19:57.037,435536,474152,3575076,80720,2097152,11787.7,0.0,0.0,2.48,0.0,0.0,0.0,0.01,0.0,0.01,test_9,0
2026-09-15 10:19:58.077,379088,417704,3631524,80720,2097152,12306.12,0.0,0.0,2.16,0.0,0.0,0.0,0.01,0.0,0.01,test_9,0
2026-09-15 10:19:59.118,330704,369320,3679908,80720,2097152,12299.67,0.0,0.0,2.4,0.0,0.0,0.0,0.01,0.0,0.01,test_9,0
2026-09-15 10:20:00.137,282320,320936,3728292,80720,2097152,12551.44,0.0,0.0,2.21,0.0,0.0,0.0,0.01,0.0,0.01,test_9,0
2026-09-15 10:20:01.152,225872,264488,3784740,80720,2097152,12622.72,0.0,0.0,2.22,0.0,0.0,0.0,0.01,0.0,0.01,test_9,1
2026-09-15 10:20:02.159,177488,216104,3833124,80720,2097152,12708.83,0.0,0.0,2.23,0.0,0.0,0.0,0.01,0.0,0.01,test_9,1
2026-09-15 10:20:03.194,129104,167720,3881508,80720,2097152,12359.59,0.0,0.0,2.17,0.0,0.0,0.0,0.01,0.0,0.01,test_9,1
2026-09-15 10:20:04.227,72656,111272,3937956,80720,2097152,12400.86,0.0,0.0,2.42,0.0,0.0,0.0,0.01,0.0,0.01,test_9,1
2026-09-15 10:20:05.250,24272,62888,3986340,80720,2097152,12506.64,0.0,0.0,1.96,0.0,0.0,0.0,0.01,0.0,0.01,test_9,1
2026-09-15 10:20:06.267,14040,58500,3996572,81164,2097152,12595.58,0.0,109.22,6.62,0.0,447359.96,0.54,0.1,0.54,0.1,test_9,0
2026-09-15 10:20:07.297,0,49672,4010612,82652,2097152,7851.75,0.0,361.0,10.41,0.0,1478656.75,0.54,0.1,0.54,0.1,test_9,0
2026-09-15 10:20:07.830,36304,82056,3974308,266332,2097152,13003.46,63.66,7049.3,3.97,15156072.84,28873948.45,3.16,0.59,3.16,0.59,test_9,0
2026-09-15 10:20:08.300,19784,72852,3990828,137076,2097152,4694.78,0.0,13572.0,12.66,0.0,55590928.78,0.54,0.1,0.54,0.1,test_9,0
2026-09-15 10:20:08.863,68676,113104,3941936,354448,2097152,12393.49,0.0,21323.42,6.99,4420959.59,87340715.47,3.67,0.77,3.67,0.77,test_9,0
2026-09-15 10:20:09.305,73784,130992,3936828,237996,2097152,12737.39,0.0,25102.65,8.6,0.0,102853041.24,3.16,0.59,3.16,0.59,test_9,0
2026-09-15 10:20:09.866,6356,53236,4004256,314068,2097152,70254.84,7.97,48678.99,26.28,32663.32,184298688.63,3.67,0.77,3.67,0.77,test_9,0
2026-09-15 10:20:10.878,30348,78252,3980264,361412,2097152,226295.85,0.0,11662.6,28.68,0.0,62735109.16,5.72,1.23,5.72,1.23,test_9,0
2026-09-15 10:20:11.883,34180,82084,3976432,361412,2097152,186227.56,4.98,0.0,19.8,20389.3,0.0,5.72,1.23,5.72,1.23,test_9,0
2026-09-15 10:20:12.886,75656,123860,3934956,439436,2097152,34289.27,0.0,19441.78,10.5,1845486.06,79633540.27,4.68,1.19,4.68,1.19,test_9,0
2026-09-15 10:20:13.893,59856,108016,3950756,439436,2097152,246275.57,0.0,0.0,25.68,4067.86,20339.32,4.68,1.19,4.68,1.19,test_9,0
2026-09-15 10:20:14.908,62900,111060,3947712,439436,2097152,201078.55,0.0,0.0,19.46,0.0,0.0,4.2,1.22,4.2,1.22,test_9,0
2026-09-15 10:20:15.921,60152,108312,3950460,439436,2097152,55133.83,0.0,0.0,6.17,0.0,0.0,4.2,1.22,4.2,1.22,test_9,0
2026-09-15 10:20:16.931,60292,108452,3950320,439436,2097152,236328.83,0.0,0.0,25.62,0.0,0.0,3.44,1.18,3.44,1.18,test_9,0
2026-09-15 10:20:17.937,64824,112984,3945788,439436,2097152,190840.37,0.0,0.0,20.84,0.0,0.0,3.44,1.18,3.44,1.18,test_9,0
2026-09-15 10:20:18.944,60280,108440,3950332,439436,2097152,44496.69,0.0,0.0,4.71,0.0,0.0,3.44,1.18,3.44,1.18,test_9,0
2026-09-15 10:20:19.954,35792,83948,3974820,439436,2097152,246068.85,0.0,0.0,25.43,0.0,0.0,2.81,1.14,2.81,1.14,test_9,0
2026-09-15 10:20:20.963,35704,83860,3974908,439436,2097152,191365.92,0.0,0.0,19.31,0.0,0.0,2.81,1.14,2.81,1.14,test_9,0
2026-09-15 10:20:21.967,35676,83832,3974936,439436,2097152,54263.29,0.0,0.0,5.72,0.0,0.0,2.3,1.1,2.3,1.1,test_9,0
2026-09-15 10:20:22.978,35648,83804,3974964,439436,2097152,246272.0,0.0,0.0,25.19,0.0,0.0,2.3,1.1,2.3,1.1,test_9,0
2026-09-15 10:20:23.992,35668,83824,3974944,439436,2097152,180537.74,0.0,0.0,18.97,0.0,0.0,1.88,1.07,1.88,1.07,test_9,0
2026-09-15 10:20:25.007,40724,88880,3969888,439436,2097152,52181.1,0.0,0.0,6.9,0.0,0.0,1.88,1.07,1.88,1.07,test_9,0
2026-09-15 10:20:26.019,40696,88852,3969916,439436,2097152,245504.73,0.0,0.0,25.37,0.0,0.0,1.54,1.03,1.54,1.03,test_9,0
2026-09-15 10:20:27.030,48400,96556,3962212,439436,2097152,183054.34,0.0,0.0,18.47,0.0,0.0,1.54,1.03,1.54,1.03,test_9,0
2026-09-15 10:20:28.039,50872,99028,3959740,439436,2097152,76038.18,0.0,0.0,7.43,0.0,0.0,1.26,1.0,1.26,1.0,test_9,0
2026-09-15 10:20:29.047,52700,100856,3957912,439436,2097152,254129.19,0.0,0.0,25.43,0.0,0.0,1.26,1.0,1.26,1.0,test_9,0
2026-09-15 10:20:30.051,54024,102180,3956588,439436,2097152,152969.15,0.0,0.0,15.96,0.0,0.0,1.03,0.96,1.03,0.96,test_9,0
2026-09-15 10:20:31.057,51216,99372,3959396,439436,2097152,88945.87,0.0,0.0,9.43,0.0,0.0,1.03,0.96,1.03,0.96,test_9,0
2026-09-15 10:20:32.061,46628,94784,3963984,439436,2097152,248573.45,0.0,0.0,25.93,0.0,0.0,0.84,0.93,0.84,0.93,test_9,0
2026-09-15 10:20:33.071,46860,95016,3963752,439436,2097152,145916.88,0.0,0.0,14.57,0.0,0.0,0.84,0.93,0.84,0.93,test_9,0
2026-09-15 10:20:34.081,63424,111580,3947188,439436,2097152,88740.39,0.0,0.0,10.42,0.0,0.0,0.84,0.93,0.84,0.93,test_9,0
2026-09-15 10:20:35.087,62864,111020,3947748,439436,2097152,243663.01,0.0,0.0,25.5,0.0,0.0,0.69,0.9,0.69,0.9,test_9,0
2026-09-15 10:20:36.093,63084,111240,3947528,439436,2097152,150702.78,0.0,0.0,15.63,0.0,0.0,0.69,0.9,0.69,0.9,test_9,0
2026-09-15 10:20:37.098,56912,105068,3953700,439436,2097152,97967.68,0.0,0.0,9.73,0.0,0.0,0.56,0.87,0.56,0.87,test_9,0
2026-09-15 10:20:37.619,31984,80204,3978628,458540,2097152,110271.27,0.0,4761.07,14.64,722876.39,19501326.33,0.46,0.84,0.46,0.84,test_9,0
2026-09-15 10:20:38.101,56932,105088,3953680,439436,2097152,254566.75,0.0,0.0,25.5,0.0,0.0,0.56,0.87,0.56,0.87,test_9,0
2026-09-15 10:20:38.624,32160,80320,3978452,458540,2097152,246516.9,0.0,0.0,25.5,0.0,0.0,0.38,0.81,0.38,0.81,test_9,0
2026-09-15 10:20:39.142,64728,112884,3945884,439436,2097152,127431.73,0.0,0.0,13.4,0.0,31466.62,0.46,0.84,0.46,0.84,test_9,0
2026-09-15 10:20:39.667,38364,86524,3972248,458540,2097152,122753.13,0.0,0.0,12.89,0.0,0.0,0.38,0.81,0.38,0.81,test_9,0
2026-09-15 10:20:40.671,44036,92196,3966576,458540,2097152,125950.68,0.0,0.0,12.72,0.0,0.0,0.31,0.79,0.31,0.79,test_9,0
2026-09-15 10:20:41.674,44068,92228,3966544,458540,2097152,253412.64,0.0,0.0,25.0,0.0,0.0,0.31,0.79,0.31,0.79,test_9,0
2026-09-15 10:20:42.723,42224,90360,3968388,458540,2097152,100799.49,0.0,0.0,10.66,0.0,0.0,0.25,0.76,0.25,0.76,test_9,0
2026-09-15 10:20:43.730,49492,97564,3961120,458540,2097152,126576.19,0.0,0.0,15.92,0.0,20341.02,0.25,0.76,0.25,0.76,test_9,0
2026-09-15 10:20:44.735,57624,105696,3952988,458540,2097152,240590.18,0.0,0.0,25.31,0.0,0.0,0.2,0.74,0.2,0.74,test_9,0
2026-09-15 10:20:45.757,61100,109172,3949512,458540,2097152,114757.76,0.0,0.0,12.44,0.0,0.0,0.2,0.74,0.2,0.74,test_9,0
2026-09-15 10:20:46.760,56912,104984,3953700,458540,2097152,116588.01,0.0,0.0,12.75,0.0,0.0,0.2,0.74,0.2,0.74,test_9,0
2026-09-15 10:20:47.765,59384,107456,3951228,458540,2097152,252972.18,0.0,0.0,25.12,0.0,0.0,0.17,0.71,0.17,0.71,test_9,0
2026-09-15 10:20:48.813,69212,117284,3941400,458540,2097152,109948.34,0.0,0.0,11.16,0.0,0.0,0.17,0.71,0.17,0.71,test_9,0
2026-09-15 10:20:49.820,67780,115852,3942832,458540,2097152,152524.18,0.0,0.0,14.89,0.0,0.0,0.13,0.69,0.13,0.69,test_9,0
2026-09-15 10:20:50.848,68028,116100,3942584,458540,2097152,241180.94,0.0,0.0,25.67,0.0,0.0,0.13,0.69,0.13,0.69,test_9,0
2026-09-15 10:20:51.905,73864,121936,3936748,458540,2097152,80333.93,0.0,0.0,8.71,0.0,0.0,0.11,0.66,0.11,0.66,test_9,0
2026-09-15 10:20:52.907,78332,126404,3932280,458540,2097152,167109.43,0.0,0.0,17.25,0.0,0.0,0.11,0.66,0.11,0.66,test_9,0
2026-09-15 10:20:53.923,78552,126624,3932060,458540,2097152,252360.02,0.0,0.0,25.49,0.0,0.0,0.09,0.64,0.09,0.64,test_9,0
2026-09-15 10:20:54.987,70812,118884,3939800,458540,2097152,58866.34,0.0,0.0,5.88,0.0,0.0,0.09,0.64,0.09,0.64,test_9,0
2026-09-15 10:20:56.001,69148,117220,3941464,458540,2097152,205071.77,0.0,0.0,20.25,0.0,0.0,0.07,0.62,0.07,0.62,test_9,0
2026-09-15 10:20:57.040,69632,117580,3940980,458540,2097152,245776.4,0.0,0.0,25.48,327119.41,0.0,0.07,0.62,0.07,0.62,test_9,0
2026-09-15 10:20:58.118,71120,119068,3939492,458540,2097152,21499.77,0.0,0.0,3.0,0.0,0.0,0.06,0.6,0.06,0.6,test_9,0
2026-09-15 10:20:59.140,53880,101828,3956732,458540,2097152,230257.52,0.0,0.0,24.51,0.0,0.0,0.06,0.6,0.06,0.6,test_9,0
2026-09-15 10:21:00.173,71144,119136,3939468,463372,2097152,236326.07,0.0,1169.16,25.42,0.0,4788897.57,0.05,0.58,0.05,0.58,test_9,0
2026-09-15 10:21:01.183,74560,122552,3936052,463372,2097152,7006.7,0.0,0.0,0.99,0.0,0.0,0.05,0.58,0.05,0.58,test_9,0
2026-09-15 10:21:02.212,74476,122408,3936136,463372,2097152,221679.48,0.0,0.0,24.51,35823.85,0.0,0.04,0.56,0.04,0.56,test_9,0
2026-09-15 10:21:03.238,74324,122256,3936288,463372,2097152,240694.45,0.0,0.0,24.88,0.0,0.0,0.04,0.56,0.04,0.56,test_9,0
2026-09-15 10:21:04.245,78616,126548,3931996,463372,2097152,11146.21,0.0,0.0,1.73,0.0,0.0,0.03,0.54,0.03,0.54,test_9,0
2026-09-15 10:21:05.261,74748,122680,3935864,463372,2097152,224764.73,0.0,0.0,24.08,0.0,0.0,0.03,0.54,0.03,0.54,test_9,0
2026-09-15 10:21:06.282,59132,107064,3951480,463372,2097152,232557.69,0.0,0.0,25.61,0.0,0.0,0.03,0.54,0.03,0.54,test_9,0
2026-09-15 10:21:07.293,72068,120000,3938544,463372,2097152,20374.72,0.0,0.0,2.47,0.0,0.0,0.02,0.52,0.02,0.52,test_9,0
2026-09-15 10:21:07.838,39968,87940,3970644,468316,2097152,9209.1,0.0,0.0,1.49,0.0,0.0,0.02,0.51,0.02,0.51,test_9,0
2026-09-15 10:21:08.311,71092,119024,3939520,463372,2097152,236488.9,0.0,0.0,22.91,0.0,0.0,0.02,0.52,0.02,0.52,test_9,0
2026-09-15 10:21:08.858,74988,122960,3935624,468316,2097152,230964.49,0.0,0.0,24.51,0.0,0.0,0.01,0.49,0.01,0.49,test_9,0
2026-09-15 10:21:09.330,33308,81280,3977304,468316,2097152,232063.68,0.0,1213.2,26.03,0.0,5001450.08,0.02,0.51,0.02,0.51,test_9,0
2026-09-15 10:21:09.862,75564,123536,3935048,468316,2097152,249917.96,0.0,0.0,24.81,0.0,0.0,0.01,0.49,0.01,0.49,test_9,0
2026-09-15 10:21:10.878,79332,127304,3931280,468316,2097152,4902.65,0.0,0.0,0.49,0.0,0.0,0.01,0.47,0.01,0.47,test_9,0
2026-09-15 10:21:11.890,71112,119084,3939500,468316,2097152,248069.36,0.0,0.0,25.55,0.0,4047.55,0.01,0.47,0.01,0.47,test_9,0
2026-09-15 10:21:12.897,75520,123492,3935092,468316,2097152,228807.55,0.0,0.0,23.76,0.0,0.0,0.01,0.46,0.01,0.46,test_9,0
2026-09-15 10:21:13.908,72484,120456,3938128,468316,2097152,17321.09,0.0,0.0,1.73,0.0,20248.64,0.01,0.46,0.01,0.46,test_9,0
2026-09-15 10:21:14.921,72232,120204,3938380,468316,2097152,245447.63,0.0,0.0,25.37,0.0,0.0,0.0,0.44,0.0,0.44,test_9,0
2026-09-15 10:21:15.936,73848,120580,3936764,468316,2097152,217044.72,0.0,0.0,22.06,2568452.45,0.0,0.0,0.44,0.0,0.44,test_9,0
2026-09-15 10:21:16.953,33912,80644,3976700,468316,2097152,12589.13,0.0,0.0,2.21,0.0,0.0,0.0,0.43,0.0,0.43,test_9,0
2026-09-15 10:21:17.957,33792,80524,3976820,468316,2097152,260470.82,0.0,0.0,24.81,0.0,0.0,0.0,0.43,0.0,0.43,test_9,0
2026-09-15 10:21:18.971,38932,85664,3971680,468316,2097152,209380.96,0.0,0.0,21.62,0.0,0.0,0.0,0.43,0.0,0.43,test_9,0
2026-09-15 10:21:19.975,52448,99180,3958164,468316,2097152,20796.88,0.0,0.0,2.0,0.0,0.0,0.0,0.41,0.0,0.41,test_9,0
2026-09-15 10:21:20.980,49328,96060,3961284,468316,2097152,231270.2,0.0,0.0,25.5,0.0,0.0,0.0,0.41,0.0,0.41,test_9,0
2026-09-15 10:21:21.986,53592,100324,3957020,468316,2097152,231391.76,0.0,0.0,25.06,0.0,0.0,0.0,0.4,0.0,0.4,test_9,0
2026-09-15 10:21:22.992,59900,106632,3950712,468316,2097152,174.98,0.0,0.0,0.5,0.0,0.0,0.0,0.4,0.0,0.4,test_9,0
2026-09-15 10:21:23.997,61380,108112,3949232,468316,2097152,240631.99,0.0,0.0,25.12,0.0,0.0,0.0,0.39,0.0,0.39,test_9,0
2026-09-15 10:21:25.002,64124,110856,3946488,468316,2097152,217008.53,0.0,0.0,25.19,0.0,0.0,0.0,0.39,0.0,0.39,test_9,0
2026-09-15 10:21:26.077,64252,110984,3946360,468316,2097152,24740.11,0.0,0.0,2.79,0.0,0.0,0.0,0.37,0.0,0.37,test_9,0
2026-09-15 10:21:27.083,33804,80536,3976808,468316,2097152,215637.33,0.0,0.0,23.88,0.0,0.0,0.0,0.37,0.0,0.37,test_9,0
2026-09-15 10:21:28.087,35232,81964,3975380,468316,2097152,235230.49,0.0,0.0,25.19,0.0,0.0,0.0,0.36,0.0,0.36,test_9,0
2026-09-15 10:21:29.097,44148,90880,3966464,468312,2097152,33014.05,1.98,0.0,3.71,8110.94,0.0,0.0,0.36,0.0,0.36,test_9,0
2026-09-15 10:21:30.148,47080,93812,3963532,468312,2097152,196143.05,0.0,0.0,22.09,0.0,0.0,0.0,0.35,0.0,0.35,test_9,0
2026-09-15 10:21:31.154,43860,90592,3966752,468312,2097152,196401.3,0.0,0.0,25.5,0.0,0.0,0.0,0.35,0.0,0.35,test_9,0
2026-09-15 10:21:32.208,55668,102400,3954944,468312,2097152,78443.83,0.0,0.0,9.24,0.0,0.0,0.0,0.34,0.0,0.34,test_9,0
2026-09-15 10:21:33.211,35664,82396,3974948,468312,2097152,132001.08,0.0,0.0,16.42,0.0,0.0,0.0,0.34,0.0,0.34,test_9,0
2026-09-15 10:21:34.216,36024,82756,3974588,468312,2097152,218881.18,0.0,0.0,25.0,0.0,0.0,0.0,0.34,0.0,0.34,test_9,0
2026-09-15 10:21:35.247,40456,87188,3970156,468312,2097152,130086.91,0.0,0.0,16.02,0.0,0.0,0.0,0.32,0.0,0.32,test_9,0
2026-09-15 10:21:36.276,52100,98832,3958512,468312,2097152,0.0,0.0,0.0,0.24,0.0,0.0,0.0,0.32,0.0,0.32,test_9,0
2026-09-15 10:21:37.294,56812,103544,3953800,468312,2097152,0.0,0.0,0.0,0.25,0.0,0.0,0.0,0.31,0.0,0.31,test_9,0
2026-09-15 10:21:37.839,78520,125216,3932092,468312,2097152,8.85,0.0,0.0,0.25,0.0,0.0,0.0,0.3,0.0,0.3,test_9,0
2026-09-15 10:21:38.325,60808,107540,3949804,468312,2097152,0.0,0.0,0.0,0.0,0.0,31760.83,0.0,0.31,0.0,0.31,test_9,0
2026-09-15 10:21:38.863,81312,128008,3929300,468312,2097152,0.0,0.0,0.0,0.0,0.0,0.0,0.0,0.29,0.0,0.29,test_9,0
2026-09-15 10:21:39.330,70320,117016,3940292,468312,2097152,0.0,0.0,0.0,0.0,0.0,0.0,0.0,0.3,0.0,0.3,test_9,0
2026-09-15 10:21:39.883,85676,132372,3924936,468312,2097152,0.0,0.0,0.0,0.24,0.0,0.0,0.0,0.29,0.0,0.29,test_9,0
2026-09-15 10:21:40.904,88120,134816,3922492,468312,2097152,0.0,0.0,0.0,0.25,0.0,0.0,0.0,0.28,0.0,0.28,test_9,0
2026-09-15 10:21:41.914,95024,141720,3915588,468312,2097152,0.0,0.0,0.0,0.0,0.0,4058.45,0.0,0.28,0.0,0.28,test_9,0
2026-09-15 10:21:42.921,98376,145072,3912236,468312,2097152,0.0,0.0,0.0,0.0,0.0,0.0,0.0,0.27,0.0,0.27,test_9,0
2026-09-15 10:21:43.938,91424,138116,3919188,468312,2097152,0.0,0.0,0.0,0.49,0.0,20131.66,0.0,0.27,0.0,0.27,test_9,0
2026-09-15 10:21:44.955,91472,138164,3919140,468312,2097152,0.0,0.0,0.0,0.0,0.0,0.0,0.0,0.26,0.0,0.26,test_9,0
2026-09-15 10:21:45.958,93716,140408,3916896,468312,2097152,0.0,0.0,0.0,0.0,0.0,0.0,0.0,0.26,0.0,0.26,test_9,0
2026-09-15 10:21:46.965,95572,142264,3915040,468312,2097152,0.0,0.0,0.0,0.25,0.0,0.0,0.0,0.25,0.0,0.25,test_9,0
2026-09-15 10:21:47.968,95572,142264,3915040,468312,2097152,0.0,0.0,0.0,0.0,0.0,0.0,0.0,0.25,0.0,0.25,test_9,0
2026-09-15 10:21:48.974,95572,142264,3915040,468312,2097152,0.0,0.0,0.0,0.25,0.0,0.0,0.0,0.25,0.0,0.25,test_9,0
2026-09-15 10:21:49.978,95572,142264,3915040,468312,2097152,0.0,0.0,0.0,0.0,0.0,0.0,0.0,0.25,0.0,0.25,test_9,0
2026-09-15 10:21:50.985,95572,142264,3915040,468312,2097152,0.0,0.0,0.0,0.0,0.0,0.0,0.0,0.25,0.0,0.25,test_9,0
2026-09-15 10:21:51.995,96000,142072,3914612,468312,2097152,5.94,0.0,0.0,0.0,1330676.97,0.0,0.0,0.24,0.0,0.24,test_9,0
2026-09-15 10:21:53.018,96000,142072,3914612,468312,2097152,0.0,0.0,0.0,0.0,0.0,0.0,0.0,0.24,0.0,0.24,test_9,0
2026-09-15 10:21:54.046,96000,142072,3914612,468312,2097152,0.0,0.0,0.0,0.0,0.0,0.0,0.0,0.23,0.0,0.23,test_9,0
2026-09-15 10:21:55.050,96000,142072,3914612,468312,2097152,0.0,0.0,0.0,0.0,0.0,0.0,0.0,0.23,0.0,0.23,test_9,0
2026-09-15 10:21:56.060,96000,142072,3914612,468312,2097152,0.0,0.0,0.0,0.25,0.0,0.0,0.0,0.22,0.0,0.22,test_9,0
2026-09-15 10:21:57.066,96000,142072,3914612,468312,2097152,0.0,0.0,0.0,0.0,0.0,0.0,0.0,0.22,0.0,0.22,test_9,0
2026-09-15 10:21:58.072,96000,142072,3914612,468312,2097152,0.0,0.0,0.0,0.25,0.0,0.0,0.0,0.21,0.0,0.21,test_9,0
2026-09-15 10:21:59.076,96000,142072,3914612,468312,2097152,0.0,0.0,0.0,0.25,0.0,0.0,0.0,0.21,0.0,0.21,test_9,0
2026-09-15 10:22:00.082,96000,142072,3914612,468312,2097152,0.0,0.0,0.0,0.0,0.0,0.0,0.0,0.21,0.0,0.21,test_9,0
2026-09-15 10:22:01.089,96000,142072,3914612,468312,2097152,0.0,0.0,0.0,0.25,0.0,0.0,0.0,0.21,0.0,0.21,test_9,0
2026-09-15 10:22:02.096,96000,142072,3914612,468312,2097152,0.0,0.0,0.0,0.0,0.0,0.0,0.0,0.21,0.0,0.21,test_9,0
2026-09-15 10:22:03.109,96000,142072,3914612,468312,2097152,0.0,0.0,0.0,0.0,0.0,0.0,0.0,0.2,0.0,0.2,test_9,0
2026-09-15 10:22:04.117,3578392,3624464,432220,92024,2097152,436.38,437.37,0.0,16.05,1795537.48,0.0,0.0,0.2,0.0,0.2,test_9,0
2026-09-15 10:22:05.142,3625412,3670084,385200,88484,2097152,546.75,418.85,0.0,1.46,4634951.12,0.0,0.0,0.19,0.0,0.19,test_9,0
